id,tvt
000d7d20_1442,
000d7d20_1443,
000d7d20_1444,
000d7d20_1445,
000d7d20_1446,
000d7d20_1447,
000d7d20_1448,
000d7d20_1449,
000d7d20_1450,
000d7d20_1451,
000d7d20_1452,
000d7d20_1453,
000d7d20_1454,
000d7d20_1455,
000d7d20_1456,
000d7d20_1457,
000d7d20_1458,
000d7d20_1459,
000d7d20_1460,
000d7d20_1461,
000d7d20_1462,
000d7d20_1463,
000d7d20_1464,
000d7d20_1465,
000d7d20_1466,
000d7d20_1467,
000d7d20_1468,
000d7d20_1469,
000d7d20_1470,
000d7d20_1471,
000d7d20_1472,
000d7d20_1473,
000d7d20_1474,
000d7d20_1475,
000d7d20_1476,
000d7d20_1477,
000d7d20_1478,
000d7d20_1479,
000d7d20_1480,
000d7d20_1481,
000d7d20_1482,
000d7d20_1483,
000d7d20_1484,
000d7d20_1485,
000d7d20_1486,
000d7d20_1487,
000d7d20_1488,
000d7d20_1489,
000d7d20_1490,
000d7d20_1491,
000d7d20_1492,
000d7d20_1493,
000d7d20_1494,
000d7d20_1495,
000d7d20_1496,
000d7d20_1497,
000d7d20_1498,
000d7d20_1499,
000d7d20_1500,
000d7d20_1501,
000d7d20_1502,
000d7d20_1503,
000d7d20_1504,
000d7d20_1505,
000d7d20_1506,
000d7d20_1507,
000d7d20_1508,
000d7d20_1509,
000d7d20_1510,
000d7d20_1511,
000d7d20_1512,
000d7d20_1513,
000d7d20_1514,
000d7d20_1515,
000d7d20_1516,
000d7d20_1517,
000d7d20_1518,
000d7d20_1519,
000d7d20_1520,
000d7d20_1521,
000d7d20_1522,
000d7d20_1523,
000d7d20_1524,
000d7d20_1525,
000d7d20_1526,
000d7d20_1527,
000d7d20_1528,
000d7d20_1529,
000d7d20_1530,
000d7d20_1531,
000d7d20_1532,
000d7d20_1533,
000d7d20_1534,
000d7d20_1535,
000d7d20_1536,
000d7d20_1537,
000d7d20_1538,
000d7d20_1539,
000d7d20_1540,
000d7d20_1541,
000d7d20_1542,
000d7d20_1543,
000d7d20_1544,
000d7d20_1545,
000d7d20_1546,
000d7d20_1547,
000d7d20_1548,
000d7d20_1549,
000d7d20_1550,
000d7d20_1551,
000d7d20_1552,
000d7d20_1553,
000d7d20_1554,
000d7d20_1555,
000d7d20_1556,
000d7d20_1557,
000d7d20_1558,
000d7d20_1559,
000d7d20_1560,
000d7d20_1561,
000d7d20_1562,
000d7d20_1563,
000d7d20_1564,
000d7d20_1565,
000d7d20_1566,
000d7d20_1567,
000d7d20_1568,
000d7d20_1569,
000d7d20_1570,
000d7d20_1571,
000d7d20_1572,
000d7d20_1573,
000d7d20_1574,
000d7d20_1575,
000d7d20_1576,
000d7d20_1577,
000d7d20_1578,
000d7d20_1579,
000d7d20_1580,
000d7d20_1581,
000d7d20_1582,
000d7d20_1583,
000d7d20_1584,
000d7d20_1585,
000d7d20_1586,
000d7d20_1587,
000d7d20_1588,
000d7d20_1589,
000d7d20_1590,
000d7d20_1591,
000d7d20_1592,
000d7d20_1593,
000d7d20_1594,
000d7d20_1595,
000d7d20_1596,
000d7d20_1597,
000d7d20_1598,
000d7d20_1599,
000d7d20_1600,
000d7d20_1601,
000d7d20_1602,
000d7d20_1603,
000d7d20_1604,
000d7d20_1605,
000d7d20_1606,
000d7d20_1607,
000d7d20_1608,
000d7d20_1609,
000d7d20_1610,
000d7d20_1611,
000d7d20_1612,
000d7d20_1613,
000d7d20_1614,
000d7d20_1615,
000d7d20_1616,
000d7d20_1617,
000d7d20_1618,
000d7d20_1619,
000d7d20_1620,
000d7d20_1621,
000d7d20_1622,
000d7d20_1623,
000d7d20_1624,
000d7d20_1625,
000d7d20_1626,
000d7d20_1627,
000d7d20_1628,
000d7d20_1629,
000d7d20_1630,
000d7d20_1631,
000d7d20_1632,
000d7d20_1633,
000d7d20_1634,
000d7d20_1635,
000d7d20_1636,
000d7d20_1637,
000d7d20_1638,
000d7d20_1639,
000d7d20_1640,
000d7d20_1641,
000d7d20_1642,
000d7d20_1643,
000d7d20_1644,
000d7d20_1645,
000d7d20_1646,
000d7d20_1647,
000d7d20_1648,
000d7d20_1649,
000d7d20_1650,
000d7d20_1651,
000d7d20_1652,
000d7d20_1653,
000d7d20_1654,
000d7d20_1655,
000d7d20_1656,
000d7d20_1657,
000d7d20_1658,
000d7d20_1659,
000d7d20_1660,
000d7d20_1661,
000d7d20_1662,
000d7d20_1663,
000d7d20_1664,
000d7d20_1665,
000d7d20_1666,
000d7d20_1667,
000d7d20_1668,
000d7d20_1669,
000d7d20_1670,
000d7d20_1671,
000d7d20_1672,
000d7d20_1673,
000d7d20_1674,
000d7d20_1675,
000d7d20_1676,
000d7d20_1677,
000d7d20_1678,
000d7d20_1679,
000d7d20_1680,
000d7d20_1681,
000d7d20_1682,
000d7d20_1683,
000d7d20_1684,
000d7d20_1685,
000d7d20_1686,
000d7d20_1687,
000d7d20_1688,
000d7d20_1689,
000d7d20_1690,
000d7d20_1691,
000d7d20_1692,
000d7d20_1693,
000d7d20_1694,
000d7d20_1695,
000d7d20_1696,
000d7d20_1697,
000d7d20_1698,
000d7d20_1699,
000d7d20_1700,
000d7d20_1701,
000d7d20_1702,
000d7d20_1703,
000d7d20_1704,
000d7d20_1705,
000d7d20_1706,
000d7d20_1707,
000d7d20_1708,
000d7d20_1709,
000d7d20_1710,
000d7d20_1711,
000d7d20_1712,
000d7d20_1713,
000d7d20_1714,
000d7d20_1715,
000d7d20_1716,
000d7d20_1717,
000d7d20_1718,
000d7d20_1719,
000d7d20_1720,
000d7d20_1721,
000d7d20_1722,
000d7d20_1723,
000d7d20_1724,
000d7d20_1725,
000d7d20_1726,
000d7d20_1727,
000d7d20_1728,
000d7d20_1729,
000d7d20_1730,
000d7d20_1731,
000d7d20_1732,
000d7d20_1733,
000d7d20_1734,
000d7d20_1735,
000d7d20_1736,
000d7d20_1737,
000d7d20_1738,
000d7d20_1739,
000d7d20_1740,
000d7d20_1741,
000d7d20_1742,
000d7d20_1743,
000d7d20_1744,
000d7d20_1745,
000d7d20_1746,
000d7d20_1747,
000d7d20_1748,
000d7d20_1749,
000d7d20_1750,
000d7d20_1751,
000d7d20_1752,
000d7d20_1753,
000d7d20_1754,
000d7d20_1755,
000d7d20_1756,
000d7d20_1757,
000d7d20_1758,
000d7d20_1759,
000d7d20_1760,
000d7d20_1761,
000d7d20_1762,
000d7d20_1763,
000d7d20_1764,
000d7d20_1765,
000d7d20_1766,
000d7d20_1767,
000d7d20_1768,
000d7d20_1769,
000d7d20_1770,
000d7d20_1771,
000d7d20_1772,
000d7d20_1773,
000d7d20_1774,
000d7d20_1775,
000d7d20_1776,
000d7d20_1777,
000d7d20_1778,
000d7d20_1779,
000d7d20_1780,
000d7d20_1781,
000d7d20_1782,
000d7d20_1783,
000d7d20_1784,
000d7d20_1785,
000d7d20_1786,
000d7d20_1787,
000d7d20_1788,
000d7d20_1789,
000d7d20_1790,
000d7d20_1791,
000d7d20_1792,
000d7d20_1793,
000d7d20_1794,
000d7d20_1795,
000d7d20_1796,
000d7d20_1797,
000d7d20_1798,
000d7d20_1799,
000d7d20_1800,
000d7d20_1801,
000d7d20_1802,
000d7d20_1803,
000d7d20_1804,
000d7d20_1805,
000d7d20_1806,
000d7d20_1807,
000d7d20_1808,
000d7d20_1809,
000d7d20_1810,
000d7d20_1811,
000d7d20_1812,
000d7d20_1813,
000d7d20_1814,
000d7d20_1815,
000d7d20_1816,
000d7d20_1817,
000d7d20_1818,
000d7d20_1819,
000d7d20_1820,
000d7d20_1821,
000d7d20_1822,
000d7d20_1823,
000d7d20_1824,
000d7d20_1825,
000d7d20_1826,
000d7d20_1827,
000d7d20_1828,
000d7d20_1829,
000d7d20_1830,
000d7d20_1831,
000d7d20_1832,
000d7d20_1833,
000d7d20_1834,
000d7d20_1835,
000d7d20_1836,
000d7d20_1837,
000d7d20_1838,
000d7d20_1839,
000d7d20_1840,
000d7d20_1841,
000d7d20_1842,
000d7d20_1843,
000d7d20_1844,
000d7d20_1845,
000d7d20_1846,
000d7d20_1847,
000d7d20_1848,
000d7d20_1849,
000d7d20_1850,
000d7d20_1851,
000d7d20_1852,
000d7d20_1853,
000d7d20_1854,
000d7d20_1855,
000d7d20_1856,
000d7d20_1857,
000d7d20_1858,
000d7d20_1859,
000d7d20_1860,
000d7d20_1861,
000d7d20_1862,
000d7d20_1863,
000d7d20_1864,
000d7d20_1865,
000d7d20_1866,
000d7d20_1867,
000d7d20_1868,
000d7d20_1869,
000d7d20_1870,
000d7d20_1871,
000d7d20_1872,
000d7d20_1873,
000d7d20_1874,
000d7d20_1875,
000d7d20_1876,
000d7d20_1877,
000d7d20_1878,
000d7d20_1879,
000d7d20_1880,
000d7d20_1881,
000d7d20_1882,
000d7d20_1883,
000d7d20_1884,
000d7d20_1885,
000d7d20_1886,
000d7d20_1887,
000d7d20_1888,
000d7d20_1889,
000d7d20_1890,
000d7d20_1891,
000d7d20_1892,
000d7d20_1893,
000d7d20_1894,
000d7d20_1895,
000d7d20_1896,
000d7d20_1897,
000d7d20_1898,
000d7d20_1899,
000d7d20_1900,
000d7d20_1901,
000d7d20_1902,
000d7d20_1903,
000d7d20_1904,
000d7d20_1905,
000d7d20_1906,
000d7d20_1907,
000d7d20_1908,
000d7d20_1909,
000d7d20_1910,
000d7d20_1911,
000d7d20_1912,
000d7d20_1913,
000d7d20_1914,
000d7d20_1915,
000d7d20_1916,
000d7d20_1917,
000d7d20_1918,
000d7d20_1919,
000d7d20_1920,
000d7d20_1921,
000d7d20_1922,
000d7d20_1923,
000d7d20_1924,
000d7d20_1925,
000d7d20_1926,
000d7d20_1927,
000d7d20_1928,
000d7d20_1929,
000d7d20_1930,
000d7d20_1931,
000d7d20_1932,
000d7d20_1933,
000d7d20_1934,
000d7d20_1935,
000d7d20_1936,
000d7d20_1937,
000d7d20_1938,
000d7d20_1939,
000d7d20_1940,
000d7d20_1941,
000d7d20_1942,
000d7d20_1943,
000d7d20_1944,
000d7d20_1945,
000d7d20_1946,
000d7d20_1947,
000d7d20_1948,
000d7d20_1949,
000d7d20_1950,
000d7d20_1951,
000d7d20_1952,
000d7d20_1953,
000d7d20_1954,
000d7d20_1955,
000d7d20_1956,
000d7d20_1957,
000d7d20_1958,
000d7d20_1959,
000d7d20_1960,
000d7d20_1961,
000d7d20_1962,
000d7d20_1963,
000d7d20_1964,
000d7d20_1965,
000d7d20_1966,
000d7d20_1967,
000d7d20_1968,
000d7d20_1969,
000d7d20_1970,
000d7d20_1971,
000d7d20_1972,
000d7d20_1973,
000d7d20_1974,
000d7d20_1975,
000d7d20_1976,
000d7d20_1977,
000d7d20_1978,
000d7d20_1979,
000d7d20_1980,
000d7d20_1981,
000d7d20_1982,
000d7d20_1983,
000d7d20_1984,
000d7d20_1985,
000d7d20_1986,
000d7d20_1987,
000d7d20_1988,
000d7d20_1989,
000d7d20_1990,
000d7d20_1991,
000d7d20_1992,
000d7d20_1993,
000d7d20_1994,
000d7d20_1995,
000d7d20_1996,
000d7d20_1997,
000d7d20_1998,
000d7d20_1999,
000d7d20_2000,
000d7d20_2001,
000d7d20_2002,
000d7d20_2003,
000d7d20_2004,
000d7d20_2005,
000d7d20_2006,
000d7d20_2007,
000d7d20_2008,
000d7d20_2009,
000d7d20_2010,
000d7d20_2011,
000d7d20_2012,
000d7d20_2013,
000d7d20_2014,
000d7d20_2015,
000d7d20_2016,
000d7d20_2017,
000d7d20_2018,
000d7d20_2019,
000d7d20_2020,
000d7d20_2021,
000d7d20_2022,
000d7d20_2023,
000d7d20_2024,
000d7d20_2025,
000d7d20_2026,
000d7d20_2027,
000d7d20_2028,
000d7d20_2029,
000d7d20_2030,
000d7d20_2031,
000d7d20_2032,
000d7d20_2033,
000d7d20_2034,
000d7d20_2035,
000d7d20_2036,
000d7d20_2037,
000d7d20_2038,
000d7d20_2039,
000d7d20_2040,
000d7d20_2041,
000d7d20_2042,
000d7d20_2043,
000d7d20_2044,
000d7d20_2045,
000d7d20_2046,
000d7d20_2047,
000d7d20_2048,
000d7d20_2049,
000d7d20_2050,
000d7d20_2051,
000d7d20_2052,
000d7d20_2053,
000d7d20_2054,
000d7d20_2055,
000d7d20_2056,
000d7d20_2057,
000d7d20_2058,
000d7d20_2059,
000d7d20_2060,
000d7d20_2061,
000d7d20_2062,
000d7d20_2063,
000d7d20_2064,
000d7d20_2065,
000d7d20_2066,
000d7d20_2067,
000d7d20_2068,
000d7d20_2069,
000d7d20_2070,
000d7d20_2071,
000d7d20_2072,
000d7d20_2073,
000d7d20_2074,
000d7d20_2075,
000d7d20_2076,
000d7d20_2077,
000d7d20_2078,
000d7d20_2079,
000d7d20_2080,
000d7d20_2081,
000d7d20_2082,
000d7d20_2083,
000d7d20_2084,
000d7d20_2085,
000d7d20_2086,
000d7d20_2087,
000d7d20_2088,
000d7d20_2089,
000d7d20_2090,
000d7d20_2091,
000d7d20_2092,
000d7d20_2093,
000d7d20_2094,
000d7d20_2095,
000d7d20_2096,
000d7d20_2097,
000d7d20_2098,
000d7d20_2099,
000d7d20_2100,
000d7d20_2101,
000d7d20_2102,
000d7d20_2103,
000d7d20_2104,
000d7d20_2105,
000d7d20_2106,
000d7d20_2107,
000d7d20_2108,
000d7d20_2109,
000d7d20_2110,
000d7d20_2111,
000d7d20_2112,
000d7d20_2113,
000d7d20_2114,
000d7d20_2115,
000d7d20_2116,
000d7d20_2117,
000d7d20_2118,
000d7d20_2119,
000d7d20_2120,
000d7d20_2121,
000d7d20_2122,
000d7d20_2123,
000d7d20_2124,
000d7d20_2125,
000d7d20_2126,
000d7d20_2127,
000d7d20_2128,
000d7d20_2129,
000d7d20_2130,
000d7d20_2131,
000d7d20_2132,
000d7d20_2133,
000d7d20_2134,
000d7d20_2135,
000d7d20_2136,
000d7d20_2137,
000d7d20_2138,
000d7d20_2139,
000d7d20_2140,
000d7d20_2141,
000d7d20_2142,
000d7d20_2143,
000d7d20_2144,
000d7d20_2145,
000d7d20_2146,
000d7d20_2147,
000d7d20_2148,
000d7d20_2149,
000d7d20_2150,
000d7d20_2151,
000d7d20_2152,
000d7d20_2153,
000d7d20_2154,
000d7d20_2155,
000d7d20_2156,
000d7d20_2157,
000d7d20_2158,
000d7d20_2159,
000d7d20_2160,
000d7d20_2161,
000d7d20_2162,
000d7d20_2163,
000d7d20_2164,
000d7d20_2165,
000d7d20_2166,
000d7d20_2167,
000d7d20_2168,
000d7d20_2169,
000d7d20_2170,
000d7d20_2171,
000d7d20_2172,
000d7d20_2173,
000d7d20_2174,
000d7d20_2175,
000d7d20_2176,
000d7d20_2177,
000d7d20_2178,
000d7d20_2179,
000d7d20_2180,
000d7d20_2181,
000d7d20_2182,
000d7d20_2183,
000d7d20_2184,
000d7d20_2185,
000d7d20_2186,
000d7d20_2187,
000d7d20_2188,
000d7d20_2189,
000d7d20_2190,
000d7d20_2191,
000d7d20_2192,
000d7d20_2193,
000d7d20_2194,
000d7d20_2195,
000d7d20_2196,
000d7d20_2197,
000d7d20_2198,
000d7d20_2199,
000d7d20_2200,
000d7d20_2201,
000d7d20_2202,
000d7d20_2203,
000d7d20_2204,
000d7d20_2205,
000d7d20_2206,
000d7d20_2207,
000d7d20_2208,
000d7d20_2209,
000d7d20_2210,
000d7d20_2211,
000d7d20_2212,
000d7d20_2213,
000d7d20_2214,
000d7d20_2215,
000d7d20_2216,
000d7d20_2217,
000d7d20_2218,
000d7d20_2219,
000d7d20_2220,
000d7d20_2221,
000d7d20_2222,
000d7d20_2223,
000d7d20_2224,
000d7d20_2225,
000d7d20_2226,
000d7d20_2227,
000d7d20_2228,
000d7d20_2229,
000d7d20_2230,
000d7d20_2231,
000d7d20_2232,
000d7d20_2233,
000d7d20_2234,
000d7d20_2235,
000d7d20_2236,
000d7d20_2237,
000d7d20_2238,
000d7d20_2239,
000d7d20_2240,
000d7d20_2241,
000d7d20_2242,
000d7d20_2243,
000d7d20_2244,
000d7d20_2245,
000d7d20_2246,
000d7d20_2247,
000d7d20_2248,
000d7d20_2249,
000d7d20_2250,
000d7d20_2251,
000d7d20_2252,
000d7d20_2253,
000d7d20_2254,
000d7d20_2255,
000d7d20_2256,
000d7d20_2257,
000d7d20_2258,
000d7d20_2259,
000d7d20_2260,
000d7d20_2261,
000d7d20_2262,
000d7d20_2263,
000d7d20_2264,
000d7d20_2265,
000d7d20_2266,
000d7d20_2267,
000d7d20_2268,
000d7d20_2269,
000d7d20_2270,
000d7d20_2271,
000d7d20_2272,
000d7d20_2273,
000d7d20_2274,
000d7d20_2275,
000d7d20_2276,
000d7d20_2277,
000d7d20_2278,
000d7d20_2279,
000d7d20_2280,
000d7d20_2281,
000d7d20_2282,
000d7d20_2283,
000d7d20_2284,
000d7d20_2285,
000d7d20_2286,
000d7d20_2287,
000d7d20_2288,
000d7d20_2289,
000d7d20_2290,
000d7d20_2291,
000d7d20_2292,
000d7d20_2293,
000d7d20_2294,
000d7d20_2295,
000d7d20_2296,
000d7d20_2297,
000d7d20_2298,
000d7d20_2299,
000d7d20_2300,
000d7d20_2301,
000d7d20_2302,
000d7d20_2303,
000d7d20_2304,
000d7d20_2305,
000d7d20_2306,
000d7d20_2307,
000d7d20_2308,
000d7d20_2309,
000d7d20_2310,
000d7d20_2311,
000d7d20_2312,
000d7d20_2313,
000d7d20_2314,
000d7d20_2315,
000d7d20_2316,
000d7d20_2317,
000d7d20_2318,
000d7d20_2319,
000d7d20_2320,
000d7d20_2321,
000d7d20_2322,
000d7d20_2323,
000d7d20_2324,
000d7d20_2325,
000d7d20_2326,
000d7d20_2327,
000d7d20_2328,
000d7d20_2329,
000d7d20_2330,
000d7d20_2331,
000d7d20_2332,
000d7d20_2333,
000d7d20_2334,
000d7d20_2335,
000d7d20_2336,
000d7d20_2337,
000d7d20_2338,
000d7d20_2339,
000d7d20_2340,
000d7d20_2341,
000d7d20_2342,
000d7d20_2343,
000d7d20_2344,
000d7d20_2345,
000d7d20_2346,
000d7d20_2347,
000d7d20_2348,
000d7d20_2349,
000d7d20_2350,
000d7d20_2351,
000d7d20_2352,
000d7d20_2353,
000d7d20_2354,
000d7d20_2355,
000d7d20_2356,
000d7d20_2357,
000d7d20_2358,
000d7d20_2359,
000d7d20_2360,
000d7d20_2361,
000d7d20_2362,
000d7d20_2363,
000d7d20_2364,
000d7d20_2365,
000d7d20_2366,
000d7d20_2367,
000d7d20_2368,
000d7d20_2369,
000d7d20_2370,
000d7d20_2371,
000d7d20_2372,
000d7d20_2373,
000d7d20_2374,
000d7d20_2375,
000d7d20_2376,
000d7d20_2377,
000d7d20_2378,
000d7d20_2379,
000d7d20_2380,
000d7d20_2381,
000d7d20_2382,
000d7d20_2383,
000d7d20_2384,
000d7d20_2385,
000d7d20_2386,
000d7d20_2387,
000d7d20_2388,
000d7d20_2389,
000d7d20_2390,
000d7d20_2391,
000d7d20_2392,
000d7d20_2393,
000d7d20_2394,
000d7d20_2395,
000d7d20_2396,
000d7d20_2397,
000d7d20_2398,
000d7d20_2399,
000d7d20_2400,
000d7d20_2401,
000d7d20_2402,
000d7d20_2403,
000d7d20_2404,
000d7d20_2405,
000d7d20_2406,
000d7d20_2407,
000d7d20_2408,
000d7d20_2409,
000d7d20_2410,
000d7d20_2411,
000d7d20_2412,
000d7d20_2413,
000d7d20_2414,
000d7d20_2415,
000d7d20_2416,
000d7d20_2417,
000d7d20_2418,
000d7d20_2419,
000d7d20_2420,
000d7d20_2421,
000d7d20_2422,
000d7d20_2423,
000d7d20_2424,
000d7d20_2425,
000d7d20_2426,
000d7d20_2427,
000d7d20_2428,
000d7d20_2429,
000d7d20_2430,
000d7d20_2431,
000d7d20_2432,
000d7d20_2433,
000d7d20_2434,
000d7d20_2435,
000d7d20_2436,
000d7d20_2437,
000d7d20_2438,
000d7d20_2439,
000d7d20_2440,
000d7d20_2441,
000d7d20_2442,
000d7d20_2443,
000d7d20_2444,
000d7d20_2445,
000d7d20_2446,
000d7d20_2447,
000d7d20_2448,
000d7d20_2449,
000d7d20_2450,
000d7d20_2451,
000d7d20_2452,
000d7d20_2453,
000d7d20_2454,
000d7d20_2455,
000d7d20_2456,
000d7d20_2457,
000d7d20_2458,
000d7d20_2459,
000d7d20_2460,
000d7d20_2461,
000d7d20_2462,
000d7d20_2463,
000d7d20_2464,
000d7d20_2465,
000d7d20_2466,
000d7d20_2467,
000d7d20_2468,
000d7d20_2469,
000d7d20_2470,
000d7d20_2471,
000d7d20_2472,
000d7d20_2473,
000d7d20_2474,
000d7d20_2475,
000d7d20_2476,
000d7d20_2477,
000d7d20_2478,
000d7d20_2479,
000d7d20_2480,
000d7d20_2481,
000d7d20_2482,
000d7d20_2483,
000d7d20_2484,
000d7d20_2485,
000d7d20_2486,
000d7d20_2487,
000d7d20_2488,
000d7d20_2489,
000d7d20_2490,
000d7d20_2491,
000d7d20_2492,
000d7d20_2493,
000d7d20_2494,
000d7d20_2495,
000d7d20_2496,
000d7d20_2497,
000d7d20_2498,
000d7d20_2499,
000d7d20_2500,
000d7d20_2501,
000d7d20_2502,
000d7d20_2503,
000d7d20_2504,
000d7d20_2505,
000d7d20_2506,
000d7d20_2507,
000d7d20_2508,
000d7d20_2509,
000d7d20_2510,
000d7d20_2511,
000d7d20_2512,
000d7d20_2513,
000d7d20_2514,
000d7d20_2515,
000d7d20_2516,
000d7d20_2517,
000d7d20_2518,
000d7d20_2519,
000d7d20_2520,
000d7d20_2521,
000d7d20_2522,
000d7d20_2523,
000d7d20_2524,
000d7d20_2525,
000d7d20_2526,
000d7d20_2527,
000d7d20_2528,
000d7d20_2529,
000d7d20_2530,
000d7d20_2531,
000d7d20_2532,
000d7d20_2533,
000d7d20_2534,
000d7d20_2535,
000d7d20_2536,
000d7d20_2537,
000d7d20_2538,
000d7d20_2539,
000d7d20_2540,
000d7d20_2541,
000d7d20_2542,
000d7d20_2543,
000d7d20_2544,
000d7d20_2545,
000d7d20_2546,
000d7d20_2547,
000d7d20_2548,
000d7d20_2549,
000d7d20_2550,
000d7d20_2551,
000d7d20_2552,
000d7d20_2553,
000d7d20_2554,
000d7d20_2555,
000d7d20_2556,
000d7d20_2557,
000d7d20_2558,
000d7d20_2559,
000d7d20_2560,
000d7d20_2561,
000d7d20_2562,
000d7d20_2563,
000d7d20_2564,
000d7d20_2565,
000d7d20_2566,
000d7d20_2567,
000d7d20_2568,
000d7d20_2569,
000d7d20_2570,
000d7d20_2571,
000d7d20_2572,
000d7d20_2573,
000d7d20_2574,
000d7d20_2575,
000d7d20_2576,
000d7d20_2577,
000d7d20_2578,
000d7d20_2579,
000d7d20_2580,
000d7d20_2581,
000d7d20_2582,
000d7d20_2583,
000d7d20_2584,
000d7d20_2585,
000d7d20_2586,
000d7d20_2587,
000d7d20_2588,
000d7d20_2589,
000d7d20_2590,
000d7d20_2591,
000d7d20_2592,
000d7d20_2593,
000d7d20_2594,
000d7d20_2595,
000d7d20_2596,
000d7d20_2597,
000d7d20_2598,
000d7d20_2599,
000d7d20_2600,
000d7d20_2601,
000d7d20_2602,
000d7d20_2603,
000d7d20_2604,
000d7d20_2605,
000d7d20_2606,
000d7d20_2607,
000d7d20_2608,
000d7d20_2609,
000d7d20_2610,
000d7d20_2611,
000d7d20_2612,
000d7d20_2613,
000d7d20_2614,
000d7d20_2615,
000d7d20_2616,
000d7d20_2617,
000d7d20_2618,
000d7d20_2619,
000d7d20_2620,
000d7d20_2621,
000d7d20_2622,
000d7d20_2623,
000d7d20_2624,
000d7d20_2625,
000d7d20_2626,
000d7d20_2627,
000d7d20_2628,
000d7d20_2629,
000d7d20_2630,
000d7d20_2631,
000d7d20_2632,
000d7d20_2633,
000d7d20_2634,
000d7d20_2635,
000d7d20_2636,
000d7d20_2637,
000d7d20_2638,
000d7d20_2639,
000d7d20_2640,
000d7d20_2641,
000d7d20_2642,
000d7d20_2643,
000d7d20_2644,
000d7d20_2645,
000d7d20_2646,
000d7d20_2647,
000d7d20_2648,
000d7d20_2649,
000d7d20_2650,
000d7d20_2651,
000d7d20_2652,
000d7d20_2653,
000d7d20_2654,
000d7d20_2655,
000d7d20_2656,
000d7d20_2657,
000d7d20_2658,
000d7d20_2659,
000d7d20_2660,
000d7d20_2661,
000d7d20_2662,
000d7d20_2663,
000d7d20_2664,
000d7d20_2665,
000d7d20_2666,
000d7d20_2667,
000d7d20_2668,
000d7d20_2669,
000d7d20_2670,
000d7d20_2671,
000d7d20_2672,
000d7d20_2673,
000d7d20_2674,
000d7d20_2675,
000d7d20_2676,
000d7d20_2677,
000d7d20_2678,
000d7d20_2679,
000d7d20_2680,
000d7d20_2681,
000d7d20_2682,
000d7d20_2683,
000d7d20_2684,
000d7d20_2685,
000d7d20_2686,
000d7d20_2687,
000d7d20_2688,
000d7d20_2689,
000d7d20_2690,
000d7d20_2691,
000d7d20_2692,
000d7d20_2693,
000d7d20_2694,
000d7d20_2695,
000d7d20_2696,
000d7d20_2697,
000d7d20_2698,
000d7d20_2699,
000d7d20_2700,
000d7d20_2701,
000d7d20_2702,
000d7d20_2703,
000d7d20_2704,
000d7d20_2705,
000d7d20_2706,
000d7d20_2707,
000d7d20_2708,
000d7d20_2709,
000d7d20_2710,
000d7d20_2711,
000d7d20_2712,
000d7d20_2713,
000d7d20_2714,
000d7d20_2715,
000d7d20_2716,
000d7d20_2717,
000d7d20_2718,
000d7d20_2719,
000d7d20_2720,
000d7d20_2721,
000d7d20_2722,
000d7d20_2723,
000d7d20_2724,
000d7d20_2725,
000d7d20_2726,
000d7d20_2727,
000d7d20_2728,
000d7d20_2729,
000d7d20_2730,
000d7d20_2731,
000d7d20_2732,
000d7d20_2733,
000d7d20_2734,
000d7d20_2735,
000d7d20_2736,
000d7d20_2737,
000d7d20_2738,
000d7d20_2739,
000d7d20_2740,
000d7d20_2741,
000d7d20_2742,
000d7d20_2743,
000d7d20_2744,
000d7d20_2745,
000d7d20_2746,
000d7d20_2747,
000d7d20_2748,
000d7d20_2749,
000d7d20_2750,
000d7d20_2751,
000d7d20_2752,
000d7d20_2753,
000d7d20_2754,
000d7d20_2755,
000d7d20_2756,
000d7d20_2757,
000d7d20_2758,
000d7d20_2759,
000d7d20_2760,
000d7d20_2761,
000d7d20_2762,
000d7d20_2763,
000d7d20_2764,
000d7d20_2765,
000d7d20_2766,
000d7d20_2767,
000d7d20_2768,
000d7d20_2769,
000d7d20_2770,
000d7d20_2771,
000d7d20_2772,
000d7d20_2773,
000d7d20_2774,
000d7d20_2775,
000d7d20_2776,
000d7d20_2777,
000d7d20_2778,
000d7d20_2779,
000d7d20_2780,
000d7d20_2781,
000d7d20_2782,
000d7d20_2783,
000d7d20_2784,
000d7d20_2785,
000d7d20_2786,
000d7d20_2787,
000d7d20_2788,
000d7d20_2789,
000d7d20_2790,
000d7d20_2791,
000d7d20_2792,
000d7d20_2793,
000d7d20_2794,
000d7d20_2795,
000d7d20_2796,
000d7d20_2797,
000d7d20_2798,
000d7d20_2799,
000d7d20_2800,
000d7d20_2801,
000d7d20_2802,
000d7d20_2803,
000d7d20_2804,
000d7d20_2805,
000d7d20_2806,
000d7d20_2807,
000d7d20_2808,
000d7d20_2809,
000d7d20_2810,
000d7d20_2811,
000d7d20_2812,
000d7d20_2813,
000d7d20_2814,
000d7d20_2815,
000d7d20_2816,
000d7d20_2817,
000d7d20_2818,
000d7d20_2819,
000d7d20_2820,
000d7d20_2821,
000d7d20_2822,
000d7d20_2823,
000d7d20_2824,
000d7d20_2825,
000d7d20_2826,
000d7d20_2827,
000d7d20_2828,
000d7d20_2829,
000d7d20_2830,
000d7d20_2831,
000d7d20_2832,
000d7d20_2833,
000d7d20_2834,
000d7d20_2835,
000d7d20_2836,
000d7d20_2837,
000d7d20_2838,
000d7d20_2839,
000d7d20_2840,
000d7d20_2841,
000d7d20_2842,
000d7d20_2843,
000d7d20_2844,
000d7d20_2845,
000d7d20_2846,
000d7d20_2847,
000d7d20_2848,
000d7d20_2849,
000d7d20_2850,
000d7d20_2851,
000d7d20_2852,
000d7d20_2853,
000d7d20_2854,
000d7d20_2855,
000d7d20_2856,
000d7d20_2857,
000d7d20_2858,
000d7d20_2859,
000d7d20_2860,
000d7d20_2861,
000d7d20_2862,
000d7d20_2863,
000d7d20_2864,
000d7d20_2865,
000d7d20_2866,
000d7d20_2867,
000d7d20_2868,
000d7d20_2869,
000d7d20_2870,
000d7d20_2871,
000d7d20_2872,
000d7d20_2873,
000d7d20_2874,
000d7d20_2875,
000d7d20_2876,
000d7d20_2877,
000d7d20_2878,
000d7d20_2879,
000d7d20_2880,
000d7d20_2881,
000d7d20_2882,
000d7d20_2883,
000d7d20_2884,
000d7d20_2885,
000d7d20_2886,
000d7d20_2887,
000d7d20_2888,
000d7d20_2889,
000d7d20_2890,
000d7d20_2891,
000d7d20_2892,
000d7d20_2893,
000d7d20_2894,
000d7d20_2895,
000d7d20_2896,
000d7d20_2897,
000d7d20_2898,
000d7d20_2899,
000d7d20_2900,
000d7d20_2901,
000d7d20_2902,
000d7d20_2903,
000d7d20_2904,
000d7d20_2905,
000d7d20_2906,
000d7d20_2907,
000d7d20_2908,
000d7d20_2909,
000d7d20_2910,
000d7d20_2911,
000d7d20_2912,
000d7d20_2913,
000d7d20_2914,
000d7d20_2915,
000d7d20_2916,
000d7d20_2917,
000d7d20_2918,
000d7d20_2919,
000d7d20_2920,
000d7d20_2921,
000d7d20_2922,
000d7d20_2923,
000d7d20_2924,
000d7d20_2925,
000d7d20_2926,
000d7d20_2927,
000d7d20_2928,
000d7d20_2929,
000d7d20_2930,
000d7d20_2931,
000d7d20_2932,
000d7d20_2933,
000d7d20_2934,
000d7d20_2935,
000d7d20_2936,
000d7d20_2937,
000d7d20_2938,
000d7d20_2939,
000d7d20_2940,
000d7d20_2941,
000d7d20_2942,
000d7d20_2943,
000d7d20_2944,
000d7d20_2945,
000d7d20_2946,
000d7d20_2947,
000d7d20_2948,
000d7d20_2949,
000d7d20_2950,
000d7d20_2951,
000d7d20_2952,
000d7d20_2953,
000d7d20_2954,
000d7d20_2955,
000d7d20_2956,
000d7d20_2957,
000d7d20_2958,
000d7d20_2959,
000d7d20_2960,
000d7d20_2961,
000d7d20_2962,
000d7d20_2963,
000d7d20_2964,
000d7d20_2965,
000d7d20_2966,
000d7d20_2967,
000d7d20_2968,
000d7d20_2969,
000d7d20_2970,
000d7d20_2971,
000d7d20_2972,
000d7d20_2973,
000d7d20_2974,
000d7d20_2975,
000d7d20_2976,
000d7d20_2977,
000d7d20_2978,
000d7d20_2979,
000d7d20_2980,
000d7d20_2981,
000d7d20_2982,
000d7d20_2983,
000d7d20_2984,
000d7d20_2985,
000d7d20_2986,
000d7d20_2987,
000d7d20_2988,
000d7d20_2989,
000d7d20_2990,
000d7d20_2991,
000d7d20_2992,
000d7d20_2993,
000d7d20_2994,
000d7d20_2995,
000d7d20_2996,
000d7d20_2997,
000d7d20_2998,
000d7d20_2999,
000d7d20_3000,
000d7d20_3001,
000d7d20_3002,
000d7d20_3003,
000d7d20_3004,
000d7d20_3005,
000d7d20_3006,
000d7d20_3007,
000d7d20_3008,
000d7d20_3009,
000d7d20_3010,
000d7d20_3011,
000d7d20_3012,
000d7d20_3013,
000d7d20_3014,
000d7d20_3015,
000d7d20_3016,
000d7d20_3017,
000d7d20_3018,
000d7d20_3019,
000d7d20_3020,
000d7d20_3021,
000d7d20_3022,
000d7d20_3023,
000d7d20_3024,
000d7d20_3025,
000d7d20_3026,
000d7d20_3027,
000d7d20_3028,
000d7d20_3029,
000d7d20_3030,
000d7d20_3031,
000d7d20_3032,
000d7d20_3033,
000d7d20_3034,
000d7d20_3035,
000d7d20_3036,
000d7d20_3037,
000d7d20_3038,
000d7d20_3039,
000d7d20_3040,
000d7d20_3041,
000d7d20_3042,
000d7d20_3043,
000d7d20_3044,
000d7d20_3045,
000d7d20_3046,
000d7d20_3047,
000d7d20_3048,
000d7d20_3049,
000d7d20_3050,
000d7d20_3051,
000d7d20_3052,
000d7d20_3053,
000d7d20_3054,
000d7d20_3055,
000d7d20_3056,
000d7d20_3057,
000d7d20_3058,
000d7d20_3059,
000d7d20_3060,
000d7d20_3061,
000d7d20_3062,
000d7d20_3063,
000d7d20_3064,
000d7d20_3065,
000d7d20_3066,
000d7d20_3067,
000d7d20_3068,
000d7d20_3069,
000d7d20_3070,
000d7d20_3071,
000d7d20_3072,
000d7d20_3073,
000d7d20_3074,
000d7d20_3075,
000d7d20_3076,
000d7d20_3077,
000d7d20_3078,
000d7d20_3079,
000d7d20_3080,
000d7d20_3081,
000d7d20_3082,
000d7d20_3083,
000d7d20_3084,
000d7d20_3085,
000d7d20_3086,
000d7d20_3087,
000d7d20_3088,
000d7d20_3089,
000d7d20_3090,
000d7d20_3091,
000d7d20_3092,
000d7d20_3093,
000d7d20_3094,
000d7d20_3095,
000d7d20_3096,
000d7d20_3097,
000d7d20_3098,
000d7d20_3099,
000d7d20_3100,
000d7d20_3101,
000d7d20_3102,
000d7d20_3103,
000d7d20_3104,
000d7d20_3105,
000d7d20_3106,
000d7d20_3107,
000d7d20_3108,
000d7d20_3109,
000d7d20_3110,
000d7d20_3111,
000d7d20_3112,
000d7d20_3113,
000d7d20_3114,
000d7d20_3115,
000d7d20_3116,
000d7d20_3117,
000d7d20_3118,
000d7d20_3119,
000d7d20_3120,
000d7d20_3121,
000d7d20_3122,
000d7d20_3123,
000d7d20_3124,
000d7d20_3125,
000d7d20_3126,
000d7d20_3127,
000d7d20_3128,
000d7d20_3129,
000d7d20_3130,
000d7d20_3131,
000d7d20_3132,
000d7d20_3133,
000d7d20_3134,
000d7d20_3135,
000d7d20_3136,
000d7d20_3137,
000d7d20_3138,
000d7d20_3139,
000d7d20_3140,
000d7d20_3141,
000d7d20_3142,
000d7d20_3143,
000d7d20_3144,
000d7d20_3145,
000d7d20_3146,
000d7d20_3147,
000d7d20_3148,
000d7d20_3149,
000d7d20_3150,
000d7d20_3151,
000d7d20_3152,
000d7d20_3153,
000d7d20_3154,
000d7d20_3155,
000d7d20_3156,
000d7d20_3157,
000d7d20_3158,
000d7d20_3159,
000d7d20_3160,
000d7d20_3161,
000d7d20_3162,
000d7d20_3163,
000d7d20_3164,
000d7d20_3165,
000d7d20_3166,
000d7d20_3167,
000d7d20_3168,
000d7d20_3169,
000d7d20_3170,
000d7d20_3171,
000d7d20_3172,
000d7d20_3173,
000d7d20_3174,
000d7d20_3175,
000d7d20_3176,
000d7d20_3177,
000d7d20_3178,
000d7d20_3179,
000d7d20_3180,
000d7d20_3181,
000d7d20_3182,
000d7d20_3183,
000d7d20_3184,
000d7d20_3185,
000d7d20_3186,
000d7d20_3187,
000d7d20_3188,
000d7d20_3189,
000d7d20_3190,
000d7d20_3191,
000d7d20_3192,
000d7d20_3193,
000d7d20_3194,
000d7d20_3195,
000d7d20_3196,
000d7d20_3197,
000d7d20_3198,
000d7d20_3199,
000d7d20_3200,
000d7d20_3201,
000d7d20_3202,
000d7d20_3203,
000d7d20_3204,
000d7d20_3205,
000d7d20_3206,
000d7d20_3207,
000d7d20_3208,
000d7d20_3209,
000d7d20_3210,
000d7d20_3211,
000d7d20_3212,
000d7d20_3213,
000d7d20_3214,
000d7d20_3215,
000d7d20_3216,
000d7d20_3217,
000d7d20_3218,
000d7d20_3219,
000d7d20_3220,
000d7d20_3221,
000d7d20_3222,
000d7d20_3223,
000d7d20_3224,
000d7d20_3225,
000d7d20_3226,
000d7d20_3227,
000d7d20_3228,
000d7d20_3229,
000d7d20_3230,
000d7d20_3231,
000d7d20_3232,
000d7d20_3233,
000d7d20_3234,
000d7d20_3235,
000d7d20_3236,
000d7d20_3237,
000d7d20_3238,
000d7d20_3239,
000d7d20_3240,
000d7d20_3241,
000d7d20_3242,
000d7d20_3243,
000d7d20_3244,
000d7d20_3245,
000d7d20_3246,
000d7d20_3247,
000d7d20_3248,
000d7d20_3249,
000d7d20_3250,
000d7d20_3251,
000d7d20_3252,
000d7d20_3253,
000d7d20_3254,
000d7d20_3255,
000d7d20_3256,
000d7d20_3257,
000d7d20_3258,
000d7d20_3259,
000d7d20_3260,
000d7d20_3261,
000d7d20_3262,
000d7d20_3263,
000d7d20_3264,
000d7d20_3265,
000d7d20_3266,
000d7d20_3267,
000d7d20_3268,
000d7d20_3269,
000d7d20_3270,
000d7d20_3271,
000d7d20_3272,
000d7d20_3273,
000d7d20_3274,
000d7d20_3275,
000d7d20_3276,
000d7d20_3277,
000d7d20_3278,
000d7d20_3279,
000d7d20_3280,
000d7d20_3281,
000d7d20_3282,
000d7d20_3283,
000d7d20_3284,
000d7d20_3285,
000d7d20_3286,
000d7d20_3287,
000d7d20_3288,
000d7d20_3289,
000d7d20_3290,
000d7d20_3291,
000d7d20_3292,
000d7d20_3293,
000d7d20_3294,
000d7d20_3295,
000d7d20_3296,
000d7d20_3297,
000d7d20_3298,
000d7d20_3299,
000d7d20_3300,
000d7d20_3301,
000d7d20_3302,
000d7d20_3303,
000d7d20_3304,
000d7d20_3305,
000d7d20_3306,
000d7d20_3307,
000d7d20_3308,
000d7d20_3309,
000d7d20_3310,
000d7d20_3311,
000d7d20_3312,
000d7d20_3313,
000d7d20_3314,
000d7d20_3315,
000d7d20_3316,
000d7d20_3317,
000d7d20_3318,
000d7d20_3319,
000d7d20_3320,
000d7d20_3321,
000d7d20_3322,
000d7d20_3323,
000d7d20_3324,
000d7d20_3325,
000d7d20_3326,
000d7d20_3327,
000d7d20_3328,
000d7d20_3329,
000d7d20_3330,
000d7d20_3331,
000d7d20_3332,
000d7d20_3333,
000d7d20_3334,
000d7d20_3335,
000d7d20_3336,
000d7d20_3337,
000d7d20_3338,
000d7d20_3339,
000d7d20_3340,
000d7d20_3341,
000d7d20_3342,
000d7d20_3343,
000d7d20_3344,
000d7d20_3345,
000d7d20_3346,
000d7d20_3347,
000d7d20_3348,
000d7d20_3349,
000d7d20_3350,
000d7d20_3351,
000d7d20_3352,
000d7d20_3353,
000d7d20_3354,
000d7d20_3355,
000d7d20_3356,
000d7d20_3357,
000d7d20_3358,
000d7d20_3359,
000d7d20_3360,
000d7d20_3361,
000d7d20_3362,
000d7d20_3363,
000d7d20_3364,
000d7d20_3365,
000d7d20_3366,
000d7d20_3367,
000d7d20_3368,
000d7d20_3369,
000d7d20_3370,
000d7d20_3371,
000d7d20_3372,
000d7d20_3373,
000d7d20_3374,
000d7d20_3375,
000d7d20_3376,
000d7d20_3377,
000d7d20_3378,
000d7d20_3379,
000d7d20_3380,
000d7d20_3381,
000d7d20_3382,
000d7d20_3383,
000d7d20_3384,
000d7d20_3385,
000d7d20_3386,
000d7d20_3387,
000d7d20_3388,
000d7d20_3389,
000d7d20_3390,
000d7d20_3391,
000d7d20_3392,
000d7d20_3393,
000d7d20_3394,
000d7d20_3395,
000d7d20_3396,
000d7d20_3397,
000d7d20_3398,
000d7d20_3399,
000d7d20_3400,
000d7d20_3401,
000d7d20_3402,
000d7d20_3403,
000d7d20_3404,
000d7d20_3405,
000d7d20_3406,
000d7d20_3407,
000d7d20_3408,
000d7d20_3409,
000d7d20_3410,
000d7d20_3411,
000d7d20_3412,
000d7d20_3413,
000d7d20_3414,
000d7d20_3415,
000d7d20_3416,
000d7d20_3417,
000d7d20_3418,
000d7d20_3419,
000d7d20_3420,
000d7d20_3421,
000d7d20_3422,
000d7d20_3423,
000d7d20_3424,
000d7d20_3425,
000d7d20_3426,
000d7d20_3427,
000d7d20_3428,
000d7d20_3429,
000d7d20_3430,
000d7d20_3431,
000d7d20_3432,
000d7d20_3433,
000d7d20_3434,
000d7d20_3435,
000d7d20_3436,
000d7d20_3437,
000d7d20_3438,
000d7d20_3439,
000d7d20_3440,
000d7d20_3441,
000d7d20_3442,
000d7d20_3443,
000d7d20_3444,
000d7d20_3445,
000d7d20_3446,
000d7d20_3447,
000d7d20_3448,
000d7d20_3449,
000d7d20_3450,
000d7d20_3451,
000d7d20_3452,
000d7d20_3453,
000d7d20_3454,
000d7d20_3455,
000d7d20_3456,
000d7d20_3457,
000d7d20_3458,
000d7d20_3459,
000d7d20_3460,
000d7d20_3461,
000d7d20_3462,
000d7d20_3463,
000d7d20_3464,
000d7d20_3465,
000d7d20_3466,
000d7d20_3467,
000d7d20_3468,
000d7d20_3469,
000d7d20_3470,
000d7d20_3471,
000d7d20_3472,
000d7d20_3473,
000d7d20_3474,
000d7d20_3475,
000d7d20_3476,
000d7d20_3477,
000d7d20_3478,
000d7d20_3479,
000d7d20_3480,
000d7d20_3481,
000d7d20_3482,
000d7d20_3483,
000d7d20_3484,
000d7d20_3485,
000d7d20_3486,
000d7d20_3487,
000d7d20_3488,
000d7d20_3489,
000d7d20_3490,
000d7d20_3491,
000d7d20_3492,
000d7d20_3493,
000d7d20_3494,
000d7d20_3495,
000d7d20_3496,
000d7d20_3497,
000d7d20_3498,
000d7d20_3499,
000d7d20_3500,
000d7d20_3501,
000d7d20_3502,
000d7d20_3503,
000d7d20_3504,
000d7d20_3505,
000d7d20_3506,
000d7d20_3507,
000d7d20_3508,
000d7d20_3509,
000d7d20_3510,
000d7d20_3511,
000d7d20_3512,
000d7d20_3513,
000d7d20_3514,
000d7d20_3515,
000d7d20_3516,
000d7d20_3517,
000d7d20_3518,
000d7d20_3519,
000d7d20_3520,
000d7d20_3521,
000d7d20_3522,
000d7d20_3523,
000d7d20_3524,
000d7d20_3525,
000d7d20_3526,
000d7d20_3527,
000d7d20_3528,
000d7d20_3529,
000d7d20_3530,
000d7d20_3531,
000d7d20_3532,
000d7d20_3533,
000d7d20_3534,
000d7d20_3535,
000d7d20_3536,
000d7d20_3537,
000d7d20_3538,
000d7d20_3539,
000d7d20_3540,
000d7d20_3541,
000d7d20_3542,
000d7d20_3543,
000d7d20_3544,
000d7d20_3545,
000d7d20_3546,
000d7d20_3547,
000d7d20_3548,
000d7d20_3549,
000d7d20_3550,
000d7d20_3551,
000d7d20_3552,
000d7d20_3553,
000d7d20_3554,
000d7d20_3555,
000d7d20_3556,
000d7d20_3557,
000d7d20_3558,
000d7d20_3559,
000d7d20_3560,
000d7d20_3561,
000d7d20_3562,
000d7d20_3563,
000d7d20_3564,
000d7d20_3565,
000d7d20_3566,
000d7d20_3567,
000d7d20_3568,
000d7d20_3569,
000d7d20_3570,
000d7d20_3571,
000d7d20_3572,
000d7d20_3573,
000d7d20_3574,
000d7d20_3575,
000d7d20_3576,
000d7d20_3577,
000d7d20_3578,
000d7d20_3579,
000d7d20_3580,
000d7d20_3581,
000d7d20_3582,
000d7d20_3583,
000d7d20_3584,
000d7d20_3585,
000d7d20_3586,
000d7d20_3587,
000d7d20_3588,
000d7d20_3589,
000d7d20_3590,
000d7d20_3591,
000d7d20_3592,
000d7d20_3593,
000d7d20_3594,
000d7d20_3595,
000d7d20_3596,
000d7d20_3597,
000d7d20_3598,
000d7d20_3599,
000d7d20_3600,
000d7d20_3601,
000d7d20_3602,
000d7d20_3603,
000d7d20_3604,
000d7d20_3605,
000d7d20_3606,
000d7d20_3607,
000d7d20_3608,
000d7d20_3609,
000d7d20_3610,
000d7d20_3611,
000d7d20_3612,
000d7d20_3613,
000d7d20_3614,
000d7d20_3615,
000d7d20_3616,
000d7d20_3617,
000d7d20_3618,
000d7d20_3619,
000d7d20_3620,
000d7d20_3621,
000d7d20_3622,
000d7d20_3623,
000d7d20_3624,
000d7d20_3625,
000d7d20_3626,
000d7d20_3627,
000d7d20_3628,
000d7d20_3629,
000d7d20_3630,
000d7d20_3631,
000d7d20_3632,
000d7d20_3633,
000d7d20_3634,
000d7d20_3635,
000d7d20_3636,
000d7d20_3637,
000d7d20_3638,
000d7d20_3639,
000d7d20_3640,
000d7d20_3641,
000d7d20_3642,
000d7d20_3643,
000d7d20_3644,
000d7d20_3645,
000d7d20_3646,
000d7d20_3647,
000d7d20_3648,
000d7d20_3649,
000d7d20_3650,
000d7d20_3651,
000d7d20_3652,
000d7d20_3653,
000d7d20_3654,
000d7d20_3655,
000d7d20_3656,
000d7d20_3657,
000d7d20_3658,
000d7d20_3659,
000d7d20_3660,
000d7d20_3661,
000d7d20_3662,
000d7d20_3663,
000d7d20_3664,
000d7d20_3665,
000d7d20_3666,
000d7d20_3667,
000d7d20_3668,
000d7d20_3669,
000d7d20_3670,
000d7d20_3671,
000d7d20_3672,
000d7d20_3673,
000d7d20_3674,
000d7d20_3675,
000d7d20_3676,
000d7d20_3677,
000d7d20_3678,
000d7d20_3679,
000d7d20_3680,
000d7d20_3681,
000d7d20_3682,
000d7d20_3683,
000d7d20_3684,
000d7d20_3685,
000d7d20_3686,
000d7d20_3687,
000d7d20_3688,
000d7d20_3689,
000d7d20_3690,
000d7d20_3691,
000d7d20_3692,
000d7d20_3693,
000d7d20_3694,
000d7d20_3695,
000d7d20_3696,
000d7d20_3697,
000d7d20_3698,
000d7d20_3699,
000d7d20_3700,
000d7d20_3701,
000d7d20_3702,
000d7d20_3703,
000d7d20_3704,
000d7d20_3705,
000d7d20_3706,
000d7d20_3707,
000d7d20_3708,
000d7d20_3709,
000d7d20_3710,
000d7d20_3711,
000d7d20_3712,
000d7d20_3713,
000d7d20_3714,
000d7d20_3715,
000d7d20_3716,
000d7d20_3717,
000d7d20_3718,
000d7d20_3719,
000d7d20_3720,
000d7d20_3721,
000d7d20_3722,
000d7d20_3723,
000d7d20_3724,
000d7d20_3725,
000d7d20_3726,
000d7d20_3727,
000d7d20_3728,
000d7d20_3729,
000d7d20_3730,
000d7d20_3731,
000d7d20_3732,
000d7d20_3733,
000d7d20_3734,
000d7d20_3735,
000d7d20_3736,
000d7d20_3737,
000d7d20_3738,
000d7d20_3739,
000d7d20_3740,
000d7d20_3741,
000d7d20_3742,
000d7d20_3743,
000d7d20_3744,
000d7d20_3745,
000d7d20_3746,
000d7d20_3747,
000d7d20_3748,
000d7d20_3749,
000d7d20_3750,
000d7d20_3751,
000d7d20_3752,
000d7d20_3753,
000d7d20_3754,
000d7d20_3755,
000d7d20_3756,
000d7d20_3757,
000d7d20_3758,
000d7d20_3759,
000d7d20_3760,
000d7d20_3761,
000d7d20_3762,
000d7d20_3763,
000d7d20_3764,
000d7d20_3765,
000d7d20_3766,
000d7d20_3767,
000d7d20_3768,
000d7d20_3769,
000d7d20_3770,
000d7d20_3771,
000d7d20_3772,
000d7d20_3773,
000d7d20_3774,
000d7d20_3775,
000d7d20_3776,
000d7d20_3777,
000d7d20_3778,
000d7d20_3779,
000d7d20_3780,
000d7d20_3781,
000d7d20_3782,
000d7d20_3783,
000d7d20_3784,
000d7d20_3785,
000d7d20_3786,
000d7d20_3787,
000d7d20_3788,
000d7d20_3789,
000d7d20_3790,
000d7d20_3791,
000d7d20_3792,
000d7d20_3793,
000d7d20_3794,
000d7d20_3795,
000d7d20_3796,
000d7d20_3797,
000d7d20_3798,
000d7d20_3799,
000d7d20_3800,
000d7d20_3801,
000d7d20_3802,
000d7d20_3803,
000d7d20_3804,
000d7d20_3805,
000d7d20_3806,
000d7d20_3807,
000d7d20_3808,
000d7d20_3809,
000d7d20_3810,
000d7d20_3811,
000d7d20_3812,
000d7d20_3813,
000d7d20_3814,
000d7d20_3815,
000d7d20_3816,
000d7d20_3817,
000d7d20_3818,
000d7d20_3819,
000d7d20_3820,
000d7d20_3821,
000d7d20_3822,
000d7d20_3823,
000d7d20_3824,
000d7d20_3825,
000d7d20_3826,
000d7d20_3827,
000d7d20_3828,
000d7d20_3829,
000d7d20_3830,
000d7d20_3831,
000d7d20_3832,
000d7d20_3833,
000d7d20_3834,
000d7d20_3835,
000d7d20_3836,
000d7d20_3837,
000d7d20_3838,
000d7d20_3839,
000d7d20_3840,
000d7d20_3841,
000d7d20_3842,
000d7d20_3843,
000d7d20_3844,
000d7d20_3845,
000d7d20_3846,
000d7d20_3847,
000d7d20_3848,
000d7d20_3849,
000d7d20_3850,
000d7d20_3851,
000d7d20_3852,
000d7d20_3853,
000d7d20_3854,
000d7d20_3855,
000d7d20_3856,
000d7d20_3857,
000d7d20_3858,
000d7d20_3859,
000d7d20_3860,
000d7d20_3861,
000d7d20_3862,
000d7d20_3863,
000d7d20_3864,
000d7d20_3865,
000d7d20_3866,
000d7d20_3867,
000d7d20_3868,
000d7d20_3869,
000d7d20_3870,
000d7d20_3871,
000d7d20_3872,
000d7d20_3873,
000d7d20_3874,
000d7d20_3875,
000d7d20_3876,
000d7d20_3877,
000d7d20_3878,
000d7d20_3879,
000d7d20_3880,
000d7d20_3881,
000d7d20_3882,
000d7d20_3883,
000d7d20_3884,
000d7d20_3885,
000d7d20_3886,
000d7d20_3887,
000d7d20_3888,
000d7d20_3889,
000d7d20_3890,
000d7d20_3891,
000d7d20_3892,
000d7d20_3893,
000d7d20_3894,
000d7d20_3895,
000d7d20_3896,
000d7d20_3897,
000d7d20_3898,
000d7d20_3899,
000d7d20_3900,
000d7d20_3901,
000d7d20_3902,
000d7d20_3903,
000d7d20_3904,
000d7d20_3905,
000d7d20_3906,
000d7d20_3907,
000d7d20_3908,
000d7d20_3909,
000d7d20_3910,
000d7d20_3911,
000d7d20_3912,
000d7d20_3913,
000d7d20_3914,
000d7d20_3915,
000d7d20_3916,
000d7d20_3917,
000d7d20_3918,
000d7d20_3919,
000d7d20_3920,
000d7d20_3921,
000d7d20_3922,
000d7d20_3923,
000d7d20_3924,
000d7d20_3925,
000d7d20_3926,
000d7d20_3927,
000d7d20_3928,
000d7d20_3929,
000d7d20_3930,
000d7d20_3931,
000d7d20_3932,
000d7d20_3933,
000d7d20_3934,
000d7d20_3935,
000d7d20_3936,
000d7d20_3937,
000d7d20_3938,
000d7d20_3939,
000d7d20_3940,
000d7d20_3941,
000d7d20_3942,
000d7d20_3943,
000d7d20_3944,
000d7d20_3945,
000d7d20_3946,
000d7d20_3947,
000d7d20_3948,
000d7d20_3949,
000d7d20_3950,
000d7d20_3951,
000d7d20_3952,
000d7d20_3953,
000d7d20_3954,
000d7d20_3955,
000d7d20_3956,
000d7d20_3957,
000d7d20_3958,
000d7d20_3959,
000d7d20_3960,
000d7d20_3961,
000d7d20_3962,
000d7d20_3963,
000d7d20_3964,
000d7d20_3965,
000d7d20_3966,
000d7d20_3967,
000d7d20_3968,
000d7d20_3969,
000d7d20_3970,
000d7d20_3971,
000d7d20_3972,
000d7d20_3973,
000d7d20_3974,
000d7d20_3975,
000d7d20_3976,
000d7d20_3977,
000d7d20_3978,
000d7d20_3979,
000d7d20_3980,
000d7d20_3981,
000d7d20_3982,
000d7d20_3983,
000d7d20_3984,
000d7d20_3985,
000d7d20_3986,
000d7d20_3987,
000d7d20_3988,
000d7d20_3989,
000d7d20_3990,
000d7d20_3991,
000d7d20_3992,
000d7d20_3993,
000d7d20_3994,
000d7d20_3995,
000d7d20_3996,
000d7d20_3997,
000d7d20_3998,
000d7d20_3999,
000d7d20_4000,
000d7d20_4001,
000d7d20_4002,
000d7d20_4003,
000d7d20_4004,
000d7d20_4005,
000d7d20_4006,
000d7d20_4007,
000d7d20_4008,
000d7d20_4009,
000d7d20_4010,
000d7d20_4011,
000d7d20_4012,
000d7d20_4013,
000d7d20_4014,
000d7d20_4015,
000d7d20_4016,
000d7d20_4017,
000d7d20_4018,
000d7d20_4019,
000d7d20_4020,
000d7d20_4021,
000d7d20_4022,
000d7d20_4023,
000d7d20_4024,
000d7d20_4025,
000d7d20_4026,
000d7d20_4027,
000d7d20_4028,
000d7d20_4029,
000d7d20_4030,
000d7d20_4031,
000d7d20_4032,
000d7d20_4033,
000d7d20_4034,
000d7d20_4035,
000d7d20_4036,
000d7d20_4037,
000d7d20_4038,
000d7d20_4039,
000d7d20_4040,
000d7d20_4041,
000d7d20_4042,
000d7d20_4043,
000d7d20_4044,
000d7d20_4045,
000d7d20_4046,
000d7d20_4047,
000d7d20_4048,
000d7d20_4049,
000d7d20_4050,
000d7d20_4051,
000d7d20_4052,
000d7d20_4053,
000d7d20_4054,
000d7d20_4055,
000d7d20_4056,
000d7d20_4057,
000d7d20_4058,
000d7d20_4059,
000d7d20_4060,
000d7d20_4061,
000d7d20_4062,
000d7d20_4063,
000d7d20_4064,
000d7d20_4065,
000d7d20_4066,
000d7d20_4067,
000d7d20_4068,
000d7d20_4069,
000d7d20_4070,
000d7d20_4071,
000d7d20_4072,
000d7d20_4073,
000d7d20_4074,
000d7d20_4075,
000d7d20_4076,
000d7d20_4077,
000d7d20_4078,
000d7d20_4079,
000d7d20_4080,
000d7d20_4081,
000d7d20_4082,
000d7d20_4083,
000d7d20_4084,
000d7d20_4085,
000d7d20_4086,
000d7d20_4087,
000d7d20_4088,
000d7d20_4089,
000d7d20_4090,
000d7d20_4091,
000d7d20_4092,
000d7d20_4093,
000d7d20_4094,
000d7d20_4095,
000d7d20_4096,
000d7d20_4097,
000d7d20_4098,
000d7d20_4099,
000d7d20_4100,
000d7d20_4101,
000d7d20_4102,
000d7d20_4103,
000d7d20_4104,
000d7d20_4105,
000d7d20_4106,
000d7d20_4107,
000d7d20_4108,
000d7d20_4109,
000d7d20_4110,
000d7d20_4111,
000d7d20_4112,
000d7d20_4113,
000d7d20_4114,
000d7d20_4115,
000d7d20_4116,
000d7d20_4117,
000d7d20_4118,
000d7d20_4119,
000d7d20_4120,
000d7d20_4121,
000d7d20_4122,
000d7d20_4123,
000d7d20_4124,
000d7d20_4125,
000d7d20_4126,
000d7d20_4127,
000d7d20_4128,
000d7d20_4129,
000d7d20_4130,
000d7d20_4131,
000d7d20_4132,
000d7d20_4133,
000d7d20_4134,
000d7d20_4135,
000d7d20_4136,
000d7d20_4137,
000d7d20_4138,
000d7d20_4139,
000d7d20_4140,
000d7d20_4141,
000d7d20_4142,
000d7d20_4143,
000d7d20_4144,
000d7d20_4145,
000d7d20_4146,
000d7d20_4147,
000d7d20_4148,
000d7d20_4149,
000d7d20_4150,
000d7d20_4151,
000d7d20_4152,
000d7d20_4153,
000d7d20_4154,
000d7d20_4155,
000d7d20_4156,
000d7d20_4157,
000d7d20_4158,
000d7d20_4159,
000d7d20_4160,
000d7d20_4161,
000d7d20_4162,
000d7d20_4163,
000d7d20_4164,
000d7d20_4165,
000d7d20_4166,
000d7d20_4167,
000d7d20_4168,
000d7d20_4169,
000d7d20_4170,
000d7d20_4171,
000d7d20_4172,
000d7d20_4173,
000d7d20_4174,
000d7d20_4175,
000d7d20_4176,
000d7d20_4177,
000d7d20_4178,
000d7d20_4179,
000d7d20_4180,
000d7d20_4181,
000d7d20_4182,
000d7d20_4183,
000d7d20_4184,
000d7d20_4185,
000d7d20_4186,
000d7d20_4187,
000d7d20_4188,
000d7d20_4189,
000d7d20_4190,
000d7d20_4191,
000d7d20_4192,
000d7d20_4193,
000d7d20_4194,
000d7d20_4195,
000d7d20_4196,
000d7d20_4197,
000d7d20_4198,
000d7d20_4199,
000d7d20_4200,
000d7d20_4201,
000d7d20_4202,
000d7d20_4203,
000d7d20_4204,
000d7d20_4205,
000d7d20_4206,
000d7d20_4207,
000d7d20_4208,
000d7d20_4209,
000d7d20_4210,
000d7d20_4211,
000d7d20_4212,
000d7d20_4213,
000d7d20_4214,
000d7d20_4215,
000d7d20_4216,
000d7d20_4217,
000d7d20_4218,
000d7d20_4219,
000d7d20_4220,
000d7d20_4221,
000d7d20_4222,
000d7d20_4223,
000d7d20_4224,
000d7d20_4225,
000d7d20_4226,
000d7d20_4227,
000d7d20_4228,
000d7d20_4229,
000d7d20_4230,
000d7d20_4231,
000d7d20_4232,
000d7d20_4233,
000d7d20_4234,
000d7d20_4235,
000d7d20_4236,
000d7d20_4237,
000d7d20_4238,
000d7d20_4239,
000d7d20_4240,
000d7d20_4241,
000d7d20_4242,
000d7d20_4243,
000d7d20_4244,
000d7d20_4245,
000d7d20_4246,
000d7d20_4247,
000d7d20_4248,
000d7d20_4249,
000d7d20_4250,
000d7d20_4251,
000d7d20_4252,
000d7d20_4253,
000d7d20_4254,
000d7d20_4255,
000d7d20_4256,
000d7d20_4257,
000d7d20_4258,
000d7d20_4259,
000d7d20_4260,
000d7d20_4261,
000d7d20_4262,
000d7d20_4263,
000d7d20_4264,
000d7d20_4265,
000d7d20_4266,
000d7d20_4267,
000d7d20_4268,
000d7d20_4269,
000d7d20_4270,
000d7d20_4271,
000d7d20_4272,
000d7d20_4273,
000d7d20_4274,
000d7d20_4275,
000d7d20_4276,
000d7d20_4277,
000d7d20_4278,
000d7d20_4279,
000d7d20_4280,
000d7d20_4281,
000d7d20_4282,
000d7d20_4283,
000d7d20_4284,
000d7d20_4285,
000d7d20_4286,
000d7d20_4287,
000d7d20_4288,
000d7d20_4289,
000d7d20_4290,
000d7d20_4291,
000d7d20_4292,
000d7d20_4293,
000d7d20_4294,
000d7d20_4295,
000d7d20_4296,
000d7d20_4297,
000d7d20_4298,
000d7d20_4299,
000d7d20_4300,
000d7d20_4301,
000d7d20_4302,
000d7d20_4303,
000d7d20_4304,
000d7d20_4305,
000d7d20_4306,
000d7d20_4307,
000d7d20_4308,
000d7d20_4309,
000d7d20_4310,
000d7d20_4311,
000d7d20_4312,
000d7d20_4313,
000d7d20_4314,
000d7d20_4315,
000d7d20_4316,
000d7d20_4317,
000d7d20_4318,
000d7d20_4319,
000d7d20_4320,
000d7d20_4321,
000d7d20_4322,
000d7d20_4323,
000d7d20_4324,
000d7d20_4325,
000d7d20_4326,
000d7d20_4327,
000d7d20_4328,
000d7d20_4329,
000d7d20_4330,
000d7d20_4331,
000d7d20_4332,
000d7d20_4333,
000d7d20_4334,
000d7d20_4335,
000d7d20_4336,
000d7d20_4337,
000d7d20_4338,
000d7d20_4339,
000d7d20_4340,
000d7d20_4341,
000d7d20_4342,
000d7d20_4343,
000d7d20_4344,
000d7d20_4345,
000d7d20_4346,
000d7d20_4347,
000d7d20_4348,
000d7d20_4349,
000d7d20_4350,
000d7d20_4351,
000d7d20_4352,
000d7d20_4353,
000d7d20_4354,
000d7d20_4355,
000d7d20_4356,
000d7d20_4357,
000d7d20_4358,
000d7d20_4359,
000d7d20_4360,
000d7d20_4361,
000d7d20_4362,
000d7d20_4363,
000d7d20_4364,
000d7d20_4365,
000d7d20_4366,
000d7d20_4367,
000d7d20_4368,
000d7d20_4369,
000d7d20_4370,
000d7d20_4371,
000d7d20_4372,
000d7d20_4373,
000d7d20_4374,
000d7d20_4375,
000d7d20_4376,
000d7d20_4377,
000d7d20_4378,
000d7d20_4379,
000d7d20_4380,
000d7d20_4381,
000d7d20_4382,
000d7d20_4383,
000d7d20_4384,
000d7d20_4385,
000d7d20_4386,
000d7d20_4387,
000d7d20_4388,
000d7d20_4389,
000d7d20_4390,
000d7d20_4391,
000d7d20_4392,
000d7d20_4393,
000d7d20_4394,
000d7d20_4395,
000d7d20_4396,
000d7d20_4397,
000d7d20_4398,
000d7d20_4399,
000d7d20_4400,
000d7d20_4401,
000d7d20_4402,
000d7d20_4403,
000d7d20_4404,
000d7d20_4405,
000d7d20_4406,
000d7d20_4407,
000d7d20_4408,
000d7d20_4409,
000d7d20_4410,
000d7d20_4411,
000d7d20_4412,
000d7d20_4413,
000d7d20_4414,
000d7d20_4415,
000d7d20_4416,
000d7d20_4417,
000d7d20_4418,
000d7d20_4419,
000d7d20_4420,
000d7d20_4421,
000d7d20_4422,
000d7d20_4423,
000d7d20_4424,
000d7d20_4425,
000d7d20_4426,
000d7d20_4427,
000d7d20_4428,
000d7d20_4429,
000d7d20_4430,
000d7d20_4431,
000d7d20_4432,
000d7d20_4433,
000d7d20_4434,
000d7d20_4435,
000d7d20_4436,
000d7d20_4437,
000d7d20_4438,
000d7d20_4439,
000d7d20_4440,
000d7d20_4441,
000d7d20_4442,
000d7d20_4443,
000d7d20_4444,
000d7d20_4445,
000d7d20_4446,
000d7d20_4447,
000d7d20_4448,
000d7d20_4449,
000d7d20_4450,
000d7d20_4451,
000d7d20_4452,
000d7d20_4453,
000d7d20_4454,
000d7d20_4455,
000d7d20_4456,
000d7d20_4457,
000d7d20_4458,
000d7d20_4459,
000d7d20_4460,
000d7d20_4461,
000d7d20_4462,
000d7d20_4463,
000d7d20_4464,
000d7d20_4465,
000d7d20_4466,
000d7d20_4467,
000d7d20_4468,
000d7d20_4469,
000d7d20_4470,
000d7d20_4471,
000d7d20_4472,
000d7d20_4473,
000d7d20_4474,
000d7d20_4475,
000d7d20_4476,
000d7d20_4477,
000d7d20_4478,
000d7d20_4479,
000d7d20_4480,
000d7d20_4481,
000d7d20_4482,
000d7d20_4483,
000d7d20_4484,
000d7d20_4485,
000d7d20_4486,
000d7d20_4487,
000d7d20_4488,
000d7d20_4489,
000d7d20_4490,
000d7d20_4491,
000d7d20_4492,
000d7d20_4493,
000d7d20_4494,
000d7d20_4495,
000d7d20_4496,
000d7d20_4497,
000d7d20_4498,
000d7d20_4499,
000d7d20_4500,
000d7d20_4501,
000d7d20_4502,
000d7d20_4503,
000d7d20_4504,
000d7d20_4505,
000d7d20_4506,
000d7d20_4507,
000d7d20_4508,
000d7d20_4509,
000d7d20_4510,
000d7d20_4511,
000d7d20_4512,
000d7d20_4513,
000d7d20_4514,
000d7d20_4515,
000d7d20_4516,
000d7d20_4517,
000d7d20_4518,
000d7d20_4519,
000d7d20_4520,
000d7d20_4521,
000d7d20_4522,
000d7d20_4523,
000d7d20_4524,
000d7d20_4525,
000d7d20_4526,
000d7d20_4527,
000d7d20_4528,
000d7d20_4529,
000d7d20_4530,
000d7d20_4531,
000d7d20_4532,
000d7d20_4533,
000d7d20_4534,
000d7d20_4535,
000d7d20_4536,
000d7d20_4537,
000d7d20_4538,
000d7d20_4539,
000d7d20_4540,
000d7d20_4541,
000d7d20_4542,
000d7d20_4543,
000d7d20_4544,
000d7d20_4545,
000d7d20_4546,
000d7d20_4547,
000d7d20_4548,
000d7d20_4549,
000d7d20_4550,
000d7d20_4551,
000d7d20_4552,
000d7d20_4553,
000d7d20_4554,
000d7d20_4555,
000d7d20_4556,
000d7d20_4557,
000d7d20_4558,
000d7d20_4559,
000d7d20_4560,
000d7d20_4561,
000d7d20_4562,
000d7d20_4563,
000d7d20_4564,
000d7d20_4565,
000d7d20_4566,
000d7d20_4567,
000d7d20_4568,
000d7d20_4569,
000d7d20_4570,
000d7d20_4571,
000d7d20_4572,
000d7d20_4573,
000d7d20_4574,
000d7d20_4575,
000d7d20_4576,
000d7d20_4577,
000d7d20_4578,
000d7d20_4579,
000d7d20_4580,
000d7d20_4581,
000d7d20_4582,
000d7d20_4583,
000d7d20_4584,
000d7d20_4585,
000d7d20_4586,
000d7d20_4587,
000d7d20_4588,
000d7d20_4589,
000d7d20_4590,
000d7d20_4591,
000d7d20_4592,
000d7d20_4593,
000d7d20_4594,
000d7d20_4595,
000d7d20_4596,
000d7d20_4597,
000d7d20_4598,
000d7d20_4599,
000d7d20_4600,
000d7d20_4601,
000d7d20_4602,
000d7d20_4603,
000d7d20_4604,
000d7d20_4605,
000d7d20_4606,
000d7d20_4607,
000d7d20_4608,
000d7d20_4609,
000d7d20_4610,
000d7d20_4611,
000d7d20_4612,
000d7d20_4613,
000d7d20_4614,
000d7d20_4615,
000d7d20_4616,
000d7d20_4617,
000d7d20_4618,
000d7d20_4619,
000d7d20_4620,
000d7d20_4621,
000d7d20_4622,
000d7d20_4623,
000d7d20_4624,
000d7d20_4625,
000d7d20_4626,
000d7d20_4627,
000d7d20_4628,
000d7d20_4629,
000d7d20_4630,
000d7d20_4631,
000d7d20_4632,
000d7d20_4633,
000d7d20_4634,
000d7d20_4635,
000d7d20_4636,
000d7d20_4637,
000d7d20_4638,
000d7d20_4639,
000d7d20_4640,
000d7d20_4641,
000d7d20_4642,
000d7d20_4643,
000d7d20_4644,
000d7d20_4645,
000d7d20_4646,
000d7d20_4647,
000d7d20_4648,
000d7d20_4649,
000d7d20_4650,
000d7d20_4651,
000d7d20_4652,
000d7d20_4653,
000d7d20_4654,
000d7d20_4655,
000d7d20_4656,
000d7d20_4657,
000d7d20_4658,
000d7d20_4659,
000d7d20_4660,
000d7d20_4661,
000d7d20_4662,
000d7d20_4663,
000d7d20_4664,
000d7d20_4665,
000d7d20_4666,
000d7d20_4667,
000d7d20_4668,
000d7d20_4669,
000d7d20_4670,
000d7d20_4671,
000d7d20_4672,
000d7d20_4673,
000d7d20_4674,
000d7d20_4675,
000d7d20_4676,
000d7d20_4677,
000d7d20_4678,
000d7d20_4679,
000d7d20_4680,
000d7d20_4681,
000d7d20_4682,
000d7d20_4683,
000d7d20_4684,
000d7d20_4685,
000d7d20_4686,
000d7d20_4687,
000d7d20_4688,
000d7d20_4689,
000d7d20_4690,
000d7d20_4691,
000d7d20_4692,
000d7d20_4693,
000d7d20_4694,
000d7d20_4695,
000d7d20_4696,
000d7d20_4697,
000d7d20_4698,
000d7d20_4699,
000d7d20_4700,
000d7d20_4701,
000d7d20_4702,
000d7d20_4703,
000d7d20_4704,
000d7d20_4705,
000d7d20_4706,
000d7d20_4707,
000d7d20_4708,
000d7d20_4709,
000d7d20_4710,
000d7d20_4711,
000d7d20_4712,
000d7d20_4713,
000d7d20_4714,
000d7d20_4715,
000d7d20_4716,
000d7d20_4717,
000d7d20_4718,
000d7d20_4719,
000d7d20_4720,
000d7d20_4721,
000d7d20_4722,
000d7d20_4723,
000d7d20_4724,
000d7d20_4725,
000d7d20_4726,
000d7d20_4727,
000d7d20_4728,
000d7d20_4729,
000d7d20_4730,
000d7d20_4731,
000d7d20_4732,
000d7d20_4733,
000d7d20_4734,
000d7d20_4735,
000d7d20_4736,
000d7d20_4737,
000d7d20_4738,
000d7d20_4739,
000d7d20_4740,
000d7d20_4741,
000d7d20_4742,
000d7d20_4743,
000d7d20_4744,
000d7d20_4745,
000d7d20_4746,
000d7d20_4747,
000d7d20_4748,
000d7d20_4749,
000d7d20_4750,
000d7d20_4751,
000d7d20_4752,
000d7d20_4753,
000d7d20_4754,
000d7d20_4755,
000d7d20_4756,
000d7d20_4757,
000d7d20_4758,
000d7d20_4759,
000d7d20_4760,
000d7d20_4761,
000d7d20_4762,
000d7d20_4763,
000d7d20_4764,
000d7d20_4765,
000d7d20_4766,
000d7d20_4767,
000d7d20_4768,
000d7d20_4769,
000d7d20_4770,
000d7d20_4771,
000d7d20_4772,
000d7d20_4773,
000d7d20_4774,
000d7d20_4775,
000d7d20_4776,
000d7d20_4777,
000d7d20_4778,
000d7d20_4779,
000d7d20_4780,
000d7d20_4781,
000d7d20_4782,
000d7d20_4783,
000d7d20_4784,
000d7d20_4785,
000d7d20_4786,
000d7d20_4787,
000d7d20_4788,
000d7d20_4789,
000d7d20_4790,
000d7d20_4791,
000d7d20_4792,
000d7d20_4793,
000d7d20_4794,
000d7d20_4795,
000d7d20_4796,
000d7d20_4797,
000d7d20_4798,
000d7d20_4799,
000d7d20_4800,
000d7d20_4801,
000d7d20_4802,
000d7d20_4803,
000d7d20_4804,
000d7d20_4805,
000d7d20_4806,
000d7d20_4807,
000d7d20_4808,
000d7d20_4809,
000d7d20_4810,
000d7d20_4811,
000d7d20_4812,
000d7d20_4813,
000d7d20_4814,
000d7d20_4815,
000d7d20_4816,
000d7d20_4817,
000d7d20_4818,
000d7d20_4819,
000d7d20_4820,
000d7d20_4821,
000d7d20_4822,
000d7d20_4823,
000d7d20_4824,
000d7d20_4825,
000d7d20_4826,
000d7d20_4827,
000d7d20_4828,
000d7d20_4829,
000d7d20_4830,
000d7d20_4831,
000d7d20_4832,
000d7d20_4833,
000d7d20_4834,
000d7d20_4835,
000d7d20_4836,
000d7d20_4837,
000d7d20_4838,
000d7d20_4839,
000d7d20_4840,
000d7d20_4841,
000d7d20_4842,
000d7d20_4843,
000d7d20_4844,
000d7d20_4845,
000d7d20_4846,
000d7d20_4847,
000d7d20_4848,
000d7d20_4849,
000d7d20_4850,
000d7d20_4851,
000d7d20_4852,
000d7d20_4853,
000d7d20_4854,
000d7d20_4855,
000d7d20_4856,
000d7d20_4857,
000d7d20_4858,
000d7d20_4859,
000d7d20_4860,
000d7d20_4861,
000d7d20_4862,
000d7d20_4863,
000d7d20_4864,
000d7d20_4865,
000d7d20_4866,
000d7d20_4867,
000d7d20_4868,
000d7d20_4869,
000d7d20_4870,
000d7d20_4871,
000d7d20_4872,
000d7d20_4873,
000d7d20_4874,
000d7d20_4875,
000d7d20_4876,
000d7d20_4877,
000d7d20_4878,
000d7d20_4879,
000d7d20_4880,
000d7d20_4881,
000d7d20_4882,
000d7d20_4883,
000d7d20_4884,
000d7d20_4885,
000d7d20_4886,
000d7d20_4887,
000d7d20_4888,
000d7d20_4889,
000d7d20_4890,
000d7d20_4891,
000d7d20_4892,
000d7d20_4893,
000d7d20_4894,
000d7d20_4895,
000d7d20_4896,
000d7d20_4897,
000d7d20_4898,
000d7d20_4899,
000d7d20_4900,
000d7d20_4901,
000d7d20_4902,
000d7d20_4903,
000d7d20_4904,
000d7d20_4905,
000d7d20_4906,
000d7d20_4907,
000d7d20_4908,
000d7d20_4909,
000d7d20_4910,
000d7d20_4911,
000d7d20_4912,
000d7d20_4913,
000d7d20_4914,
000d7d20_4915,
000d7d20_4916,
000d7d20_4917,
000d7d20_4918,
000d7d20_4919,
000d7d20_4920,
000d7d20_4921,
000d7d20_4922,
000d7d20_4923,
000d7d20_4924,
000d7d20_4925,
000d7d20_4926,
000d7d20_4927,
000d7d20_4928,
000d7d20_4929,
000d7d20_4930,
000d7d20_4931,
000d7d20_4932,
000d7d20_4933,
000d7d20_4934,
000d7d20_4935,
000d7d20_4936,
000d7d20_4937,
000d7d20_4938,
000d7d20_4939,
000d7d20_4940,
000d7d20_4941,
000d7d20_4942,
000d7d20_4943,
000d7d20_4944,
000d7d20_4945,
000d7d20_4946,
000d7d20_4947,
000d7d20_4948,
000d7d20_4949,
000d7d20_4950,
000d7d20_4951,
000d7d20_4952,
000d7d20_4953,
000d7d20_4954,
000d7d20_4955,
000d7d20_4956,
000d7d20_4957,
000d7d20_4958,
000d7d20_4959,
000d7d20_4960,
000d7d20_4961,
000d7d20_4962,
000d7d20_4963,
000d7d20_4964,
000d7d20_4965,
000d7d20_4966,
000d7d20_4967,
000d7d20_4968,
000d7d20_4969,
000d7d20_4970,
000d7d20_4971,
000d7d20_4972,
000d7d20_4973,
000d7d20_4974,
000d7d20_4975,
000d7d20_4976,
000d7d20_4977,
000d7d20_4978,
000d7d20_4979,
000d7d20_4980,
000d7d20_4981,
000d7d20_4982,
000d7d20_4983,
000d7d20_4984,
000d7d20_4985,
000d7d20_4986,
000d7d20_4987,
000d7d20_4988,
000d7d20_4989,
000d7d20_4990,
000d7d20_4991,
000d7d20_4992,
000d7d20_4993,
000d7d20_4994,
000d7d20_4995,
000d7d20_4996,
000d7d20_4997,
000d7d20_4998,
000d7d20_4999,
000d7d20_5000,
000d7d20_5001,
000d7d20_5002,
000d7d20_5003,
000d7d20_5004,
000d7d20_5005,
000d7d20_5006,
000d7d20_5007,
000d7d20_5008,
000d7d20_5009,
000d7d20_5010,
000d7d20_5011,
000d7d20_5012,
000d7d20_5013,
000d7d20_5014,
000d7d20_5015,
000d7d20_5016,
000d7d20_5017,
000d7d20_5018,
000d7d20_5019,
000d7d20_5020,
000d7d20_5021,
000d7d20_5022,
000d7d20_5023,
000d7d20_5024,
000d7d20_5025,
000d7d20_5026,
000d7d20_5027,
000d7d20_5028,
000d7d20_5029,
000d7d20_5030,
000d7d20_5031,
000d7d20_5032,
000d7d20_5033,
000d7d20_5034,
000d7d20_5035,
000d7d20_5036,
000d7d20_5037,
000d7d20_5038,
000d7d20_5039,
000d7d20_5040,
000d7d20_5041,
000d7d20_5042,
000d7d20_5043,
000d7d20_5044,
000d7d20_5045,
000d7d20_5046,
000d7d20_5047,
000d7d20_5048,
000d7d20_5049,
000d7d20_5050,
000d7d20_5051,
000d7d20_5052,
000d7d20_5053,
000d7d20_5054,
000d7d20_5055,
000d7d20_5056,
000d7d20_5057,
000d7d20_5058,
000d7d20_5059,
000d7d20_5060,
000d7d20_5061,
000d7d20_5062,
000d7d20_5063,
000d7d20_5064,
000d7d20_5065,
000d7d20_5066,
000d7d20_5067,
000d7d20_5068,
000d7d20_5069,
000d7d20_5070,
000d7d20_5071,
000d7d20_5072,
000d7d20_5073,
000d7d20_5074,
000d7d20_5075,
000d7d20_5076,
000d7d20_5077,
000d7d20_5078,
000d7d20_5079,
000d7d20_5080,
000d7d20_5081,
000d7d20_5082,
000d7d20_5083,
000d7d20_5084,
000d7d20_5085,
000d7d20_5086,
000d7d20_5087,
000d7d20_5088,
000d7d20_5089,
000d7d20_5090,
000d7d20_5091,
000d7d20_5092,
000d7d20_5093,
000d7d20_5094,
000d7d20_5095,
000d7d20_5096,
000d7d20_5097,
000d7d20_5098,
000d7d20_5099,
000d7d20_5100,
000d7d20_5101,
000d7d20_5102,
000d7d20_5103,
000d7d20_5104,
000d7d20_5105,
000d7d20_5106,
000d7d20_5107,
000d7d20_5108,
000d7d20_5109,
000d7d20_5110,
000d7d20_5111,
000d7d20_5112,
000d7d20_5113,
000d7d20_5114,
000d7d20_5115,
000d7d20_5116,
000d7d20_5117,
000d7d20_5118,
000d7d20_5119,
000d7d20_5120,
000d7d20_5121,
000d7d20_5122,
000d7d20_5123,
000d7d20_5124,
000d7d20_5125,
000d7d20_5126,
000d7d20_5127,
000d7d20_5128,
000d7d20_5129,
000d7d20_5130,
000d7d20_5131,
000d7d20_5132,
000d7d20_5133,
000d7d20_5134,
000d7d20_5135,
000d7d20_5136,
000d7d20_5137,
000d7d20_5138,
000d7d20_5139,
000d7d20_5140,
000d7d20_5141,
000d7d20_5142,
000d7d20_5143,
000d7d20_5144,
000d7d20_5145,
000d7d20_5146,
000d7d20_5147,
000d7d20_5148,
000d7d20_5149,
000d7d20_5150,
000d7d20_5151,
000d7d20_5152,
000d7d20_5153,
000d7d20_5154,
000d7d20_5155,
000d7d20_5156,
000d7d20_5157,
000d7d20_5158,
000d7d20_5159,
000d7d20_5160,
000d7d20_5161,
000d7d20_5162,
000d7d20_5163,
000d7d20_5164,
000d7d20_5165,
000d7d20_5166,
000d7d20_5167,
000d7d20_5168,
000d7d20_5169,
000d7d20_5170,
000d7d20_5171,
000d7d20_5172,
000d7d20_5173,
000d7d20_5174,
000d7d20_5175,
000d7d20_5176,
000d7d20_5177,
000d7d20_5178,
000d7d20_5179,
000d7d20_5180,
000d7d20_5181,
000d7d20_5182,
000d7d20_5183,
000d7d20_5184,
000d7d20_5185,
000d7d20_5186,
000d7d20_5187,
000d7d20_5188,
000d7d20_5189,
000d7d20_5190,
000d7d20_5191,
000d7d20_5192,
000d7d20_5193,
000d7d20_5194,
000d7d20_5195,
000d7d20_5196,
000d7d20_5197,
000d7d20_5198,
000d7d20_5199,
000d7d20_5200,
000d7d20_5201,
000d7d20_5202,
000d7d20_5203,
000d7d20_5204,
000d7d20_5205,
000d7d20_5206,
000d7d20_5207,
000d7d20_5208,
000d7d20_5209,
000d7d20_5210,
000d7d20_5211,
000d7d20_5212,
000d7d20_5213,
000d7d20_5214,
000d7d20_5215,
000d7d20_5216,
000d7d20_5217,
000d7d20_5218,
000d7d20_5219,
000d7d20_5220,
000d7d20_5221,
000d7d20_5222,
000d7d20_5223,
000d7d20_5224,
000d7d20_5225,
000d7d20_5226,
000d7d20_5227,
000d7d20_5228,
000d7d20_5229,
000d7d20_5230,
000d7d20_5231,
000d7d20_5232,
000d7d20_5233,
000d7d20_5234,
000d7d20_5235,
000d7d20_5236,
000d7d20_5237,
000d7d20_5238,
000d7d20_5239,
000d7d20_5240,
000d7d20_5241,
000d7d20_5242,
000d7d20_5243,
000d7d20_5244,
000d7d20_5245,
000d7d20_5246,
000d7d20_5247,
000d7d20_5248,
000d7d20_5249,
000d7d20_5250,
000d7d20_5251,
000d7d20_5252,
000d7d20_5253,
000d7d20_5254,
000d7d20_5255,
000d7d20_5256,
000d7d20_5257,
000d7d20_5258,
000d7d20_5259,
000d7d20_5260,
000d7d20_5261,
000d7d20_5262,
000d7d20_5263,
000d7d20_5264,
000d7d20_5265,
000d7d20_5266,
000d7d20_5267,
000d7d20_5268,
000d7d20_5269,
000d7d20_5270,
000d7d20_5271,
000d7d20_5272,
000d7d20_5273,
000d7d20_5274,
000d7d20_5275,
000d7d20_5276,
000d7d20_5277,
00bbac68_1545,
00bbac68_1546,
00bbac68_1547,
00bbac68_1548,
00bbac68_1549,
00bbac68_1550,
00bbac68_1551,
00bbac68_1552,
00bbac68_1553,
00bbac68_1554,
00bbac68_1555,
00bbac68_1556,
00bbac68_1557,
00bbac68_1558,
00bbac68_1559,
00bbac68_1560,
00bbac68_1561,
00bbac68_1562,
00bbac68_1563,
00bbac68_1564,
00bbac68_1565,
00bbac68_1566,
00bbac68_1567,
00bbac68_1568,
00bbac68_1569,
00bbac68_1570,
00bbac68_1571,
00bbac68_1572,
00bbac68_1573,
00bbac68_1574,
00bbac68_1575,
00bbac68_1576,
00bbac68_1577,
00bbac68_1578,
00bbac68_1579,
00bbac68_1580,
00bbac68_1581,
00bbac68_1582,
00bbac68_1583,
00bbac68_1584,
00bbac68_1585,
00bbac68_1586,
00bbac68_1587,
00bbac68_1588,
00bbac68_1589,
00bbac68_1590,
00bbac68_1591,
00bbac68_1592,
00bbac68_1593,
00bbac68_1594,
00bbac68_1595,
00bbac68_1596,
00bbac68_1597,
00bbac68_1598,
00bbac68_1599,
00bbac68_1600,
00bbac68_1601,
00bbac68_1602,
00bbac68_1603,
00bbac68_1604,
00bbac68_1605,
00bbac68_1606,
00bbac68_1607,
00bbac68_1608,
00bbac68_1609,
00bbac68_1610,
00bbac68_1611,
00bbac68_1612,
00bbac68_1613,
00bbac68_1614,
00bbac68_1615,
00bbac68_1616,
00bbac68_1617,
00bbac68_1618,
00bbac68_1619,
00bbac68_1620,
00bbac68_1621,
00bbac68_1622,
00bbac68_1623,
00bbac68_1624,
00bbac68_1625,
00bbac68_1626,
00bbac68_1627,
00bbac68_1628,
00bbac68_1629,
00bbac68_1630,
00bbac68_1631,
00bbac68_1632,
00bbac68_1633,
00bbac68_1634,
00bbac68_1635,
00bbac68_1636,
00bbac68_1637,
00bbac68_1638,
00bbac68_1639,
00bbac68_1640,
00bbac68_1641,
00bbac68_1642,
00bbac68_1643,
00bbac68_1644,
00bbac68_1645,
00bbac68_1646,
00bbac68_1647,
00bbac68_1648,
00bbac68_1649,
00bbac68_1650,
00bbac68_1651,
00bbac68_1652,
00bbac68_1653,
00bbac68_1654,
00bbac68_1655,
00bbac68_1656,
00bbac68_1657,
00bbac68_1658,
00bbac68_1659,
00bbac68_1660,
00bbac68_1661,
00bbac68_1662,
00bbac68_1663,
00bbac68_1664,
00bbac68_1665,
00bbac68_1666,
00bbac68_1667,
00bbac68_1668,
00bbac68_1669,
00bbac68_1670,
00bbac68_1671,
00bbac68_1672,
00bbac68_1673,
00bbac68_1674,
00bbac68_1675,
00bbac68_1676,
00bbac68_1677,
00bbac68_1678,
00bbac68_1679,
00bbac68_1680,
00bbac68_1681,
00bbac68_1682,
00bbac68_1683,
00bbac68_1684,
00bbac68_1685,
00bbac68_1686,
00bbac68_1687,
00bbac68_1688,
00bbac68_1689,
00bbac68_1690,
00bbac68_1691,
00bbac68_1692,
00bbac68_1693,
00bbac68_1694,
00bbac68_1695,
00bbac68_1696,
00bbac68_1697,
00bbac68_1698,
00bbac68_1699,
00bbac68_1700,
00bbac68_1701,
00bbac68_1702,
00bbac68_1703,
00bbac68_1704,
00bbac68_1705,
00bbac68_1706,
00bbac68_1707,
00bbac68_1708,
00bbac68_1709,
00bbac68_1710,
00bbac68_1711,
00bbac68_1712,
00bbac68_1713,
00bbac68_1714,
00bbac68_1715,
00bbac68_1716,
00bbac68_1717,
00bbac68_1718,
00bbac68_1719,
00bbac68_1720,
00bbac68_1721,
00bbac68_1722,
00bbac68_1723,
00bbac68_1724,
00bbac68_1725,
00bbac68_1726,
00bbac68_1727,
00bbac68_1728,
00bbac68_1729,
00bbac68_1730,
00bbac68_1731,
00bbac68_1732,
00bbac68_1733,
00bbac68_1734,
00bbac68_1735,
00bbac68_1736,
00bbac68_1737,
00bbac68_1738,
00bbac68_1739,
00bbac68_1740,
00bbac68_1741,
00bbac68_1742,
00bbac68_1743,
00bbac68_1744,
00bbac68_1745,
00bbac68_1746,
00bbac68_1747,
00bbac68_1748,
00bbac68_1749,
00bbac68_1750,
00bbac68_1751,
00bbac68_1752,
00bbac68_1753,
00bbac68_1754,
00bbac68_1755,
00bbac68_1756,
00bbac68_1757,
00bbac68_1758,
00bbac68_1759,
00bbac68_1760,
00bbac68_1761,
00bbac68_1762,
00bbac68_1763,
00bbac68_1764,
00bbac68_1765,
00bbac68_1766,
00bbac68_1767,
00bbac68_1768,
00bbac68_1769,
00bbac68_1770,
00bbac68_1771,
00bbac68_1772,
00bbac68_1773,
00bbac68_1774,
00bbac68_1775,
00bbac68_1776,
00bbac68_1777,
00bbac68_1778,
00bbac68_1779,
00bbac68_1780,
00bbac68_1781,
00bbac68_1782,
00bbac68_1783,
00bbac68_1784,
00bbac68_1785,
00bbac68_1786,
00bbac68_1787,
00bbac68_1788,
00bbac68_1789,
00bbac68_1790,
00bbac68_1791,
00bbac68_1792,
00bbac68_1793,
00bbac68_1794,
00bbac68_1795,
00bbac68_1796,
00bbac68_1797,
00bbac68_1798,
00bbac68_1799,
00bbac68_1800,
00bbac68_1801,
00bbac68_1802,
00bbac68_1803,
00bbac68_1804,
00bbac68_1805,
00bbac68_1806,
00bbac68_1807,
00bbac68_1808,
00bbac68_1809,
00bbac68_1810,
00bbac68_1811,
00bbac68_1812,
00bbac68_1813,
00bbac68_1814,
00bbac68_1815,
00bbac68_1816,
00bbac68_1817,
00bbac68_1818,
00bbac68_1819,
00bbac68_1820,
00bbac68_1821,
00bbac68_1822,
00bbac68_1823,
00bbac68_1824,
00bbac68_1825,
00bbac68_1826,
00bbac68_1827,
00bbac68_1828,
00bbac68_1829,
00bbac68_1830,
00bbac68_1831,
00bbac68_1832,
00bbac68_1833,
00bbac68_1834,
00bbac68_1835,
00bbac68_1836,
00bbac68_1837,
00bbac68_1838,
00bbac68_1839,
00bbac68_1840,
00bbac68_1841,
00bbac68_1842,
00bbac68_1843,
00bbac68_1844,
00bbac68_1845,
00bbac68_1846,
00bbac68_1847,
00bbac68_1848,
00bbac68_1849,
00bbac68_1850,
00bbac68_1851,
00bbac68_1852,
00bbac68_1853,
00bbac68_1854,
00bbac68_1855,
00bbac68_1856,
00bbac68_1857,
00bbac68_1858,
00bbac68_1859,
00bbac68_1860,
00bbac68_1861,
00bbac68_1862,
00bbac68_1863,
00bbac68_1864,
00bbac68_1865,
00bbac68_1866,
00bbac68_1867,
00bbac68_1868,
00bbac68_1869,
00bbac68_1870,
00bbac68_1871,
00bbac68_1872,
00bbac68_1873,
00bbac68_1874,
00bbac68_1875,
00bbac68_1876,
00bbac68_1877,
00bbac68_1878,
00bbac68_1879,
00bbac68_1880,
00bbac68_1881,
00bbac68_1882,
00bbac68_1883,
00bbac68_1884,
00bbac68_1885,
00bbac68_1886,
00bbac68_1887,
00bbac68_1888,
00bbac68_1889,
00bbac68_1890,
00bbac68_1891,
00bbac68_1892,
00bbac68_1893,
00bbac68_1894,
00bbac68_1895,
00bbac68_1896,
00bbac68_1897,
00bbac68_1898,
00bbac68_1899,
00bbac68_1900,
00bbac68_1901,
00bbac68_1902,
00bbac68_1903,
00bbac68_1904,
00bbac68_1905,
00bbac68_1906,
00bbac68_1907,
00bbac68_1908,
00bbac68_1909,
00bbac68_1910,
00bbac68_1911,
00bbac68_1912,
00bbac68_1913,
00bbac68_1914,
00bbac68_1915,
00bbac68_1916,
00bbac68_1917,
00bbac68_1918,
00bbac68_1919,
00bbac68_1920,
00bbac68_1921,
00bbac68_1922,
00bbac68_1923,
00bbac68_1924,
00bbac68_1925,
00bbac68_1926,
00bbac68_1927,
00bbac68_1928,
00bbac68_1929,
00bbac68_1930,
00bbac68_1931,
00bbac68_1932,
00bbac68_1933,
00bbac68_1934,
00bbac68_1935,
00bbac68_1936,
00bbac68_1937,
00bbac68_1938,
00bbac68_1939,
00bbac68_1940,
00bbac68_1941,
00bbac68_1942,
00bbac68_1943,
00bbac68_1944,
00bbac68_1945,
00bbac68_1946,
00bbac68_1947,
00bbac68_1948,
00bbac68_1949,
00bbac68_1950,
00bbac68_1951,
00bbac68_1952,
00bbac68_1953,
00bbac68_1954,
00bbac68_1955,
00bbac68_1956,
00bbac68_1957,
00bbac68_1958,
00bbac68_1959,
00bbac68_1960,
00bbac68_1961,
00bbac68_1962,
00bbac68_1963,
00bbac68_1964,
00bbac68_1965,
00bbac68_1966,
00bbac68_1967,
00bbac68_1968,
00bbac68_1969,
00bbac68_1970,
00bbac68_1971,
00bbac68_1972,
00bbac68_1973,
00bbac68_1974,
00bbac68_1975,
00bbac68_1976,
00bbac68_1977,
00bbac68_1978,
00bbac68_1979,
00bbac68_1980,
00bbac68_1981,
00bbac68_1982,
00bbac68_1983,
00bbac68_1984,
00bbac68_1985,
00bbac68_1986,
00bbac68_1987,
00bbac68_1988,
00bbac68_1989,
00bbac68_1990,
00bbac68_1991,
00bbac68_1992,
00bbac68_1993,
00bbac68_1994,
00bbac68_1995,
00bbac68_1996,
00bbac68_1997,
00bbac68_1998,
00bbac68_1999,
00bbac68_2000,
00bbac68_2001,
00bbac68_2002,
00bbac68_2003,
00bbac68_2004,
00bbac68_2005,
00bbac68_2006,
00bbac68_2007,
00bbac68_2008,
00bbac68_2009,
00bbac68_2010,
00bbac68_2011,
00bbac68_2012,
00bbac68_2013,
00bbac68_2014,
00bbac68_2015,
00bbac68_2016,
00bbac68_2017,
00bbac68_2018,
00bbac68_2019,
00bbac68_2020,
00bbac68_2021,
00bbac68_2022,
00bbac68_2023,
00bbac68_2024,
00bbac68_2025,
00bbac68_2026,
00bbac68_2027,
00bbac68_2028,
00bbac68_2029,
00bbac68_2030,
00bbac68_2031,
00bbac68_2032,
00bbac68_2033,
00bbac68_2034,
00bbac68_2035,
00bbac68_2036,
00bbac68_2037,
00bbac68_2038,
00bbac68_2039,
00bbac68_2040,
00bbac68_2041,
00bbac68_2042,
00bbac68_2043,
00bbac68_2044,
00bbac68_2045,
00bbac68_2046,
00bbac68_2047,
00bbac68_2048,
00bbac68_2049,
00bbac68_2050,
00bbac68_2051,
00bbac68_2052,
00bbac68_2053,
00bbac68_2054,
00bbac68_2055,
00bbac68_2056,
00bbac68_2057,
00bbac68_2058,
00bbac68_2059,
00bbac68_2060,
00bbac68_2061,
00bbac68_2062,
00bbac68_2063,
00bbac68_2064,
00bbac68_2065,
00bbac68_2066,
00bbac68_2067,
00bbac68_2068,
00bbac68_2069,
00bbac68_2070,
00bbac68_2071,
00bbac68_2072,
00bbac68_2073,
00bbac68_2074,
00bbac68_2075,
00bbac68_2076,
00bbac68_2077,
00bbac68_2078,
00bbac68_2079,
00bbac68_2080,
00bbac68_2081,
00bbac68_2082,
00bbac68_2083,
00bbac68_2084,
00bbac68_2085,
00bbac68_2086,
00bbac68_2087,
00bbac68_2088,
00bbac68_2089,
00bbac68_2090,
00bbac68_2091,
00bbac68_2092,
00bbac68_2093,
00bbac68_2094,
00bbac68_2095,
00bbac68_2096,
00bbac68_2097,
00bbac68_2098,
00bbac68_2099,
00bbac68_2100,
00bbac68_2101,
00bbac68_2102,
00bbac68_2103,
00bbac68_2104,
00bbac68_2105,
00bbac68_2106,
00bbac68_2107,
00bbac68_2108,
00bbac68_2109,
00bbac68_2110,
00bbac68_2111,
00bbac68_2112,
00bbac68_2113,
00bbac68_2114,
00bbac68_2115,
00bbac68_2116,
00bbac68_2117,
00bbac68_2118,
00bbac68_2119,
00bbac68_2120,
00bbac68_2121,
00bbac68_2122,
00bbac68_2123,
00bbac68_2124,
00bbac68_2125,
00bbac68_2126,
00bbac68_2127,
00bbac68_2128,
00bbac68_2129,
00bbac68_2130,
00bbac68_2131,
00bbac68_2132,
00bbac68_2133,
00bbac68_2134,
00bbac68_2135,
00bbac68_2136,
00bbac68_2137,
00bbac68_2138,
00bbac68_2139,
00bbac68_2140,
00bbac68_2141,
00bbac68_2142,
00bbac68_2143,
00bbac68_2144,
00bbac68_2145,
00bbac68_2146,
00bbac68_2147,
00bbac68_2148,
00bbac68_2149,
00bbac68_2150,
00bbac68_2151,
00bbac68_2152,
00bbac68_2153,
00bbac68_2154,
00bbac68_2155,
00bbac68_2156,
00bbac68_2157,
00bbac68_2158,
00bbac68_2159,
00bbac68_2160,
00bbac68_2161,
00bbac68_2162,
00bbac68_2163,
00bbac68_2164,
00bbac68_2165,
00bbac68_2166,
00bbac68_2167,
00bbac68_2168,
00bbac68_2169,
00bbac68_2170,
00bbac68_2171,
00bbac68_2172,
00bbac68_2173,
00bbac68_2174,
00bbac68_2175,
00bbac68_2176,
00bbac68_2177,
00bbac68_2178,
00bbac68_2179,
00bbac68_2180,
00bbac68_2181,
00bbac68_2182,
00bbac68_2183,
00bbac68_2184,
00bbac68_2185,
00bbac68_2186,
00bbac68_2187,
00bbac68_2188,
00bbac68_2189,
00bbac68_2190,
00bbac68_2191,
00bbac68_2192,
00bbac68_2193,
00bbac68_2194,
00bbac68_2195,
00bbac68_2196,
00bbac68_2197,
00bbac68_2198,
00bbac68_2199,
00bbac68_2200,
00bbac68_2201,
00bbac68_2202,
00bbac68_2203,
00bbac68_2204,
00bbac68_2205,
00bbac68_2206,
00bbac68_2207,
00bbac68_2208,
00bbac68_2209,
00bbac68_2210,
00bbac68_2211,
00bbac68_2212,
00bbac68_2213,
00bbac68_2214,
00bbac68_2215,
00bbac68_2216,
00bbac68_2217,
00bbac68_2218,
00bbac68_2219,
00bbac68_2220,
00bbac68_2221,
00bbac68_2222,
00bbac68_2223,
00bbac68_2224,
00bbac68_2225,
00bbac68_2226,
00bbac68_2227,
00bbac68_2228,
00bbac68_2229,
00bbac68_2230,
00bbac68_2231,
00bbac68_2232,
00bbac68_2233,
00bbac68_2234,
00bbac68_2235,
00bbac68_2236,
00bbac68_2237,
00bbac68_2238,
00bbac68_2239,
00bbac68_2240,
00bbac68_2241,
00bbac68_2242,
00bbac68_2243,
00bbac68_2244,
00bbac68_2245,
00bbac68_2246,
00bbac68_2247,
00bbac68_2248,
00bbac68_2249,
00bbac68_2250,
00bbac68_2251,
00bbac68_2252,
00bbac68_2253,
00bbac68_2254,
00bbac68_2255,
00bbac68_2256,
00bbac68_2257,
00bbac68_2258,
00bbac68_2259,
00bbac68_2260,
00bbac68_2261,
00bbac68_2262,
00bbac68_2263,
00bbac68_2264,
00bbac68_2265,
00bbac68_2266,
00bbac68_2267,
00bbac68_2268,
00bbac68_2269,
00bbac68_2270,
00bbac68_2271,
00bbac68_2272,
00bbac68_2273,
00bbac68_2274,
00bbac68_2275,
00bbac68_2276,
00bbac68_2277,
00bbac68_2278,
00bbac68_2279,
00bbac68_2280,
00bbac68_2281,
00bbac68_2282,
00bbac68_2283,
00bbac68_2284,
00bbac68_2285,
00bbac68_2286,
00bbac68_2287,
00bbac68_2288,
00bbac68_2289,
00bbac68_2290,
00bbac68_2291,
00bbac68_2292,
00bbac68_2293,
00bbac68_2294,
00bbac68_2295,
00bbac68_2296,
00bbac68_2297,
00bbac68_2298,
00bbac68_2299,
00bbac68_2300,
00bbac68_2301,
00bbac68_2302,
00bbac68_2303,
00bbac68_2304,
00bbac68_2305,
00bbac68_2306,
00bbac68_2307,
00bbac68_2308,
00bbac68_2309,
00bbac68_2310,
00bbac68_2311,
00bbac68_2312,
00bbac68_2313,
00bbac68_2314,
00bbac68_2315,
00bbac68_2316,
00bbac68_2317,
00bbac68_2318,
00bbac68_2319,
00bbac68_2320,
00bbac68_2321,
00bbac68_2322,
00bbac68_2323,
00bbac68_2324,
00bbac68_2325,
00bbac68_2326,
00bbac68_2327,
00bbac68_2328,
00bbac68_2329,
00bbac68_2330,
00bbac68_2331,
00bbac68_2332,
00bbac68_2333,
00bbac68_2334,
00bbac68_2335,
00bbac68_2336,
00bbac68_2337,
00bbac68_2338,
00bbac68_2339,
00bbac68_2340,
00bbac68_2341,
00bbac68_2342,
00bbac68_2343,
00bbac68_2344,
00bbac68_2345,
00bbac68_2346,
00bbac68_2347,
00bbac68_2348,
00bbac68_2349,
00bbac68_2350,
00bbac68_2351,
00bbac68_2352,
00bbac68_2353,
00bbac68_2354,
00bbac68_2355,
00bbac68_2356,
00bbac68_2357,
00bbac68_2358,
00bbac68_2359,
00bbac68_2360,
00bbac68_2361,
00bbac68_2362,
00bbac68_2363,
00bbac68_2364,
00bbac68_2365,
00bbac68_2366,
00bbac68_2367,
00bbac68_2368,
00bbac68_2369,
00bbac68_2370,
00bbac68_2371,
00bbac68_2372,
00bbac68_2373,
00bbac68_2374,
00bbac68_2375,
00bbac68_2376,
00bbac68_2377,
00bbac68_2378,
00bbac68_2379,
00bbac68_2380,
00bbac68_2381,
00bbac68_2382,
00bbac68_2383,
00bbac68_2384,
00bbac68_2385,
00bbac68_2386,
00bbac68_2387,
00bbac68_2388,
00bbac68_2389,
00bbac68_2390,
00bbac68_2391,
00bbac68_2392,
00bbac68_2393,
00bbac68_2394,
00bbac68_2395,
00bbac68_2396,
00bbac68_2397,
00bbac68_2398,
00bbac68_2399,
00bbac68_2400,
00bbac68_2401,
00bbac68_2402,
00bbac68_2403,
00bbac68_2404,
00bbac68_2405,
00bbac68_2406,
00bbac68_2407,
00bbac68_2408,
00bbac68_2409,
00bbac68_2410,
00bbac68_2411,
00bbac68_2412,
00bbac68_2413,
00bbac68_2414,
00bbac68_2415,
00bbac68_2416,
00bbac68_2417,
00bbac68_2418,
00bbac68_2419,
00bbac68_2420,
00bbac68_2421,
00bbac68_2422,
00bbac68_2423,
00bbac68_2424,
00bbac68_2425,
00bbac68_2426,
00bbac68_2427,
00bbac68_2428,
00bbac68_2429,
00bbac68_2430,
00bbac68_2431,
00bbac68_2432,
00bbac68_2433,
00bbac68_2434,
00bbac68_2435,
00bbac68_2436,
00bbac68_2437,
00bbac68_2438,
00bbac68_2439,
00bbac68_2440,
00bbac68_2441,
00bbac68_2442,
00bbac68_2443,
00bbac68_2444,
00bbac68_2445,
00bbac68_2446,
00bbac68_2447,
00bbac68_2448,
00bbac68_2449,
00bbac68_2450,
00bbac68_2451,
00bbac68_2452,
00bbac68_2453,
00bbac68_2454,
00bbac68_2455,
00bbac68_2456,
00bbac68_2457,
00bbac68_2458,
00bbac68_2459,
00bbac68_2460,
00bbac68_2461,
00bbac68_2462,
00bbac68_2463,
00bbac68_2464,
00bbac68_2465,
00bbac68_2466,
00bbac68_2467,
00bbac68_2468,
00bbac68_2469,
00bbac68_2470,
00bbac68_2471,
00bbac68_2472,
00bbac68_2473,
00bbac68_2474,
00bbac68_2475,
00bbac68_2476,
00bbac68_2477,
00bbac68_2478,
00bbac68_2479,
00bbac68_2480,
00bbac68_2481,
00bbac68_2482,
00bbac68_2483,
00bbac68_2484,
00bbac68_2485,
00bbac68_2486,
00bbac68_2487,
00bbac68_2488,
00bbac68_2489,
00bbac68_2490,
00bbac68_2491,
00bbac68_2492,
00bbac68_2493,
00bbac68_2494,
00bbac68_2495,
00bbac68_2496,
00bbac68_2497,
00bbac68_2498,
00bbac68_2499,
00bbac68_2500,
00bbac68_2501,
00bbac68_2502,
00bbac68_2503,
00bbac68_2504,
00bbac68_2505,
00bbac68_2506,
00bbac68_2507,
00bbac68_2508,
00bbac68_2509,
00bbac68_2510,
00bbac68_2511,
00bbac68_2512,
00bbac68_2513,
00bbac68_2514,
00bbac68_2515,
00bbac68_2516,
00bbac68_2517,
00bbac68_2518,
00bbac68_2519,
00bbac68_2520,
00bbac68_2521,
00bbac68_2522,
00bbac68_2523,
00bbac68_2524,
00bbac68_2525,
00bbac68_2526,
00bbac68_2527,
00bbac68_2528,
00bbac68_2529,
00bbac68_2530,
00bbac68_2531,
00bbac68_2532,
00bbac68_2533,
00bbac68_2534,
00bbac68_2535,
00bbac68_2536,
00bbac68_2537,
00bbac68_2538,
00bbac68_2539,
00bbac68_2540,
00bbac68_2541,
00bbac68_2542,
00bbac68_2543,
00bbac68_2544,
00bbac68_2545,
00bbac68_2546,
00bbac68_2547,
00bbac68_2548,
00bbac68_2549,
00bbac68_2550,
00bbac68_2551,
00bbac68_2552,
00bbac68_2553,
00bbac68_2554,
00bbac68_2555,
00bbac68_2556,
00bbac68_2557,
00bbac68_2558,
00bbac68_2559,
00bbac68_2560,
00bbac68_2561,
00bbac68_2562,
00bbac68_2563,
00bbac68_2564,
00bbac68_2565,
00bbac68_2566,
00bbac68_2567,
00bbac68_2568,
00bbac68_2569,
00bbac68_2570,
00bbac68_2571,
00bbac68_2572,
00bbac68_2573,
00bbac68_2574,
00bbac68_2575,
00bbac68_2576,
00bbac68_2577,
00bbac68_2578,
00bbac68_2579,
00bbac68_2580,
00bbac68_2581,
00bbac68_2582,
00bbac68_2583,
00bbac68_2584,
00bbac68_2585,
00bbac68_2586,
00bbac68_2587,
00bbac68_2588,
00bbac68_2589,
00bbac68_2590,
00bbac68_2591,
00bbac68_2592,
00bbac68_2593,
00bbac68_2594,
00bbac68_2595,
00bbac68_2596,
00bbac68_2597,
00bbac68_2598,
00bbac68_2599,
00bbac68_2600,
00bbac68_2601,
00bbac68_2602,
00bbac68_2603,
00bbac68_2604,
00bbac68_2605,
00bbac68_2606,
00bbac68_2607,
00bbac68_2608,
00bbac68_2609,
00bbac68_2610,
00bbac68_2611,
00bbac68_2612,
00bbac68_2613,
00bbac68_2614,
00bbac68_2615,
00bbac68_2616,
00bbac68_2617,
00bbac68_2618,
00bbac68_2619,
00bbac68_2620,
00bbac68_2621,
00bbac68_2622,
00bbac68_2623,
00bbac68_2624,
00bbac68_2625,
00bbac68_2626,
00bbac68_2627,
00bbac68_2628,
00bbac68_2629,
00bbac68_2630,
00bbac68_2631,
00bbac68_2632,
00bbac68_2633,
00bbac68_2634,
00bbac68_2635,
00bbac68_2636,
00bbac68_2637,
00bbac68_2638,
00bbac68_2639,
00bbac68_2640,
00bbac68_2641,
00bbac68_2642,
00bbac68_2643,
00bbac68_2644,
00bbac68_2645,
00bbac68_2646,
00bbac68_2647,
00bbac68_2648,
00bbac68_2649,
00bbac68_2650,
00bbac68_2651,
00bbac68_2652,
00bbac68_2653,
00bbac68_2654,
00bbac68_2655,
00bbac68_2656,
00bbac68_2657,
00bbac68_2658,
00bbac68_2659,
00bbac68_2660,
00bbac68_2661,
00bbac68_2662,
00bbac68_2663,
00bbac68_2664,
00bbac68_2665,
00bbac68_2666,
00bbac68_2667,
00bbac68_2668,
00bbac68_2669,
00bbac68_2670,
00bbac68_2671,
00bbac68_2672,
00bbac68_2673,
00bbac68_2674,
00bbac68_2675,
00bbac68_2676,
00bbac68_2677,
00bbac68_2678,
00bbac68_2679,
00bbac68_2680,
00bbac68_2681,
00bbac68_2682,
00bbac68_2683,
00bbac68_2684,
00bbac68_2685,
00bbac68_2686,
00bbac68_2687,
00bbac68_2688,
00bbac68_2689,
00bbac68_2690,
00bbac68_2691,
00bbac68_2692,
00bbac68_2693,
00bbac68_2694,
00bbac68_2695,
00bbac68_2696,
00bbac68_2697,
00bbac68_2698,
00bbac68_2699,
00bbac68_2700,
00bbac68_2701,
00bbac68_2702,
00bbac68_2703,
00bbac68_2704,
00bbac68_2705,
00bbac68_2706,
00bbac68_2707,
00bbac68_2708,
00bbac68_2709,
00bbac68_2710,
00bbac68_2711,
00bbac68_2712,
00bbac68_2713,
00bbac68_2714,
00bbac68_2715,
00bbac68_2716,
00bbac68_2717,
00bbac68_2718,
00bbac68_2719,
00bbac68_2720,
00bbac68_2721,
00bbac68_2722,
00bbac68_2723,
00bbac68_2724,
00bbac68_2725,
00bbac68_2726,
00bbac68_2727,
00bbac68_2728,
00bbac68_2729,
00bbac68_2730,
00bbac68_2731,
00bbac68_2732,
00bbac68_2733,
00bbac68_2734,
00bbac68_2735,
00bbac68_2736,
00bbac68_2737,
00bbac68_2738,
00bbac68_2739,
00bbac68_2740,
00bbac68_2741,
00bbac68_2742,
00bbac68_2743,
00bbac68_2744,
00bbac68_2745,
00bbac68_2746,
00bbac68_2747,
00bbac68_2748,
00bbac68_2749,
00bbac68_2750,
00bbac68_2751,
00bbac68_2752,
00bbac68_2753,
00bbac68_2754,
00bbac68_2755,
00bbac68_2756,
00bbac68_2757,
00bbac68_2758,
00bbac68_2759,
00bbac68_2760,
00bbac68_2761,
00bbac68_2762,
00bbac68_2763,
00bbac68_2764,
00bbac68_2765,
00bbac68_2766,
00bbac68_2767,
00bbac68_2768,
00bbac68_2769,
00bbac68_2770,
00bbac68_2771,
00bbac68_2772,
00bbac68_2773,
00bbac68_2774,
00bbac68_2775,
00bbac68_2776,
00bbac68_2777,
00bbac68_2778,
00bbac68_2779,
00bbac68_2780,
00bbac68_2781,
00bbac68_2782,
00bbac68_2783,
00bbac68_2784,
00bbac68_2785,
00bbac68_2786,
00bbac68_2787,
00bbac68_2788,
00bbac68_2789,
00bbac68_2790,
00bbac68_2791,
00bbac68_2792,
00bbac68_2793,
00bbac68_2794,
00bbac68_2795,
00bbac68_2796,
00bbac68_2797,
00bbac68_2798,
00bbac68_2799,
00bbac68_2800,
00bbac68_2801,
00bbac68_2802,
00bbac68_2803,
00bbac68_2804,
00bbac68_2805,
00bbac68_2806,
00bbac68_2807,
00bbac68_2808,
00bbac68_2809,
00bbac68_2810,
00bbac68_2811,
00bbac68_2812,
00bbac68_2813,
00bbac68_2814,
00bbac68_2815,
00bbac68_2816,
00bbac68_2817,
00bbac68_2818,
00bbac68_2819,
00bbac68_2820,
00bbac68_2821,
00bbac68_2822,
00bbac68_2823,
00bbac68_2824,
00bbac68_2825,
00bbac68_2826,
00bbac68_2827,
00bbac68_2828,
00bbac68_2829,
00bbac68_2830,
00bbac68_2831,
00bbac68_2832,
00bbac68_2833,
00bbac68_2834,
00bbac68_2835,
00bbac68_2836,
00bbac68_2837,
00bbac68_2838,
00bbac68_2839,
00bbac68_2840,
00bbac68_2841,
00bbac68_2842,
00bbac68_2843,
00bbac68_2844,
00bbac68_2845,
00bbac68_2846,
00bbac68_2847,
00bbac68_2848,
00bbac68_2849,
00bbac68_2850,
00bbac68_2851,
00bbac68_2852,
00bbac68_2853,
00bbac68_2854,
00bbac68_2855,
00bbac68_2856,
00bbac68_2857,
00bbac68_2858,
00bbac68_2859,
00bbac68_2860,
00bbac68_2861,
00bbac68_2862,
00bbac68_2863,
00bbac68_2864,
00bbac68_2865,
00bbac68_2866,
00bbac68_2867,
00bbac68_2868,
00bbac68_2869,
00bbac68_2870,
00bbac68_2871,
00bbac68_2872,
00bbac68_2873,
00bbac68_2874,
00bbac68_2875,
00bbac68_2876,
00bbac68_2877,
00bbac68_2878,
00bbac68_2879,
00bbac68_2880,
00bbac68_2881,
00bbac68_2882,
00bbac68_2883,
00bbac68_2884,
00bbac68_2885,
00bbac68_2886,
00bbac68_2887,
00bbac68_2888,
00bbac68_2889,
00bbac68_2890,
00bbac68_2891,
00bbac68_2892,
00bbac68_2893,
00bbac68_2894,
00bbac68_2895,
00bbac68_2896,
00bbac68_2897,
00bbac68_2898,
00bbac68_2899,
00bbac68_2900,
00bbac68_2901,
00bbac68_2902,
00bbac68_2903,
00bbac68_2904,
00bbac68_2905,
00bbac68_2906,
00bbac68_2907,
00bbac68_2908,
00bbac68_2909,
00bbac68_2910,
00bbac68_2911,
00bbac68_2912,
00bbac68_2913,
00bbac68_2914,
00bbac68_2915,
00bbac68_2916,
00bbac68_2917,
00bbac68_2918,
00bbac68_2919,
00bbac68_2920,
00bbac68_2921,
00bbac68_2922,
00bbac68_2923,
00bbac68_2924,
00bbac68_2925,
00bbac68_2926,
00bbac68_2927,
00bbac68_2928,
00bbac68_2929,
00bbac68_2930,
00bbac68_2931,
00bbac68_2932,
00bbac68_2933,
00bbac68_2934,
00bbac68_2935,
00bbac68_2936,
00bbac68_2937,
00bbac68_2938,
00bbac68_2939,
00bbac68_2940,
00bbac68_2941,
00bbac68_2942,
00bbac68_2943,
00bbac68_2944,
00bbac68_2945,
00bbac68_2946,
00bbac68_2947,
00bbac68_2948,
00bbac68_2949,
00bbac68_2950,
00bbac68_2951,
00bbac68_2952,
00bbac68_2953,
00bbac68_2954,
00bbac68_2955,
00bbac68_2956,
00bbac68_2957,
00bbac68_2958,
00bbac68_2959,
00bbac68_2960,
00bbac68_2961,
00bbac68_2962,
00bbac68_2963,
00bbac68_2964,
00bbac68_2965,
00bbac68_2966,
00bbac68_2967,
00bbac68_2968,
00bbac68_2969,
00bbac68_2970,
00bbac68_2971,
00bbac68_2972,
00bbac68_2973,
00bbac68_2974,
00bbac68_2975,
00bbac68_2976,
00bbac68_2977,
00bbac68_2978,
00bbac68_2979,
00bbac68_2980,
00bbac68_2981,
00bbac68_2982,
00bbac68_2983,
00bbac68_2984,
00bbac68_2985,
00bbac68_2986,
00bbac68_2987,
00bbac68_2988,
00bbac68_2989,
00bbac68_2990,
00bbac68_2991,
00bbac68_2992,
00bbac68_2993,
00bbac68_2994,
00bbac68_2995,
00bbac68_2996,
00bbac68_2997,
00bbac68_2998,
00bbac68_2999,
00bbac68_3000,
00bbac68_3001,
00bbac68_3002,
00bbac68_3003,
00bbac68_3004,
00bbac68_3005,
00bbac68_3006,
00bbac68_3007,
00bbac68_3008,
00bbac68_3009,
00bbac68_3010,
00bbac68_3011,
00bbac68_3012,
00bbac68_3013,
00bbac68_3014,
00bbac68_3015,
00bbac68_3016,
00bbac68_3017,
00bbac68_3018,
00bbac68_3019,
00bbac68_3020,
00bbac68_3021,
00bbac68_3022,
00bbac68_3023,
00bbac68_3024,
00bbac68_3025,
00bbac68_3026,
00bbac68_3027,
00bbac68_3028,
00bbac68_3029,
00bbac68_3030,
00bbac68_3031,
00bbac68_3032,
00bbac68_3033,
00bbac68_3034,
00bbac68_3035,
00bbac68_3036,
00bbac68_3037,
00bbac68_3038,
00bbac68_3039,
00bbac68_3040,
00bbac68_3041,
00bbac68_3042,
00bbac68_3043,
00bbac68_3044,
00bbac68_3045,
00bbac68_3046,
00bbac68_3047,
00bbac68_3048,
00bbac68_3049,
00bbac68_3050,
00bbac68_3051,
00bbac68_3052,
00bbac68_3053,
00bbac68_3054,
00bbac68_3055,
00bbac68_3056,
00bbac68_3057,
00bbac68_3058,
00bbac68_3059,
00bbac68_3060,
00bbac68_3061,
00bbac68_3062,
00bbac68_3063,
00bbac68_3064,
00bbac68_3065,
00bbac68_3066,
00bbac68_3067,
00bbac68_3068,
00bbac68_3069,
00bbac68_3070,
00bbac68_3071,
00bbac68_3072,
00bbac68_3073,
00bbac68_3074,
00bbac68_3075,
00bbac68_3076,
00bbac68_3077,
00bbac68_3078,
00bbac68_3079,
00bbac68_3080,
00bbac68_3081,
00bbac68_3082,
00bbac68_3083,
00bbac68_3084,
00bbac68_3085,
00bbac68_3086,
00bbac68_3087,
00bbac68_3088,
00bbac68_3089,
00bbac68_3090,
00bbac68_3091,
00bbac68_3092,
00bbac68_3093,
00bbac68_3094,
00bbac68_3095,
00bbac68_3096,
00bbac68_3097,
00bbac68_3098,
00bbac68_3099,
00bbac68_3100,
00bbac68_3101,
00bbac68_3102,
00bbac68_3103,
00bbac68_3104,
00bbac68_3105,
00bbac68_3106,
00bbac68_3107,
00bbac68_3108,
00bbac68_3109,
00bbac68_3110,
00bbac68_3111,
00bbac68_3112,
00bbac68_3113,
00bbac68_3114,
00bbac68_3115,
00bbac68_3116,
00bbac68_3117,
00bbac68_3118,
00bbac68_3119,
00bbac68_3120,
00bbac68_3121,
00bbac68_3122,
00bbac68_3123,
00bbac68_3124,
00bbac68_3125,
00bbac68_3126,
00bbac68_3127,
00bbac68_3128,
00bbac68_3129,
00bbac68_3130,
00bbac68_3131,
00bbac68_3132,
00bbac68_3133,
00bbac68_3134,
00bbac68_3135,
00bbac68_3136,
00bbac68_3137,
00bbac68_3138,
00bbac68_3139,
00bbac68_3140,
00bbac68_3141,
00bbac68_3142,
00bbac68_3143,
00bbac68_3144,
00bbac68_3145,
00bbac68_3146,
00bbac68_3147,
00bbac68_3148,
00bbac68_3149,
00bbac68_3150,
00bbac68_3151,
00bbac68_3152,
00bbac68_3153,
00bbac68_3154,
00bbac68_3155,
00bbac68_3156,
00bbac68_3157,
00bbac68_3158,
00bbac68_3159,
00bbac68_3160,
00bbac68_3161,
00bbac68_3162,
00bbac68_3163,
00bbac68_3164,
00bbac68_3165,
00bbac68_3166,
00bbac68_3167,
00bbac68_3168,
00bbac68_3169,
00bbac68_3170,
00bbac68_3171,
00bbac68_3172,
00bbac68_3173,
00bbac68_3174,
00bbac68_3175,
00bbac68_3176,
00bbac68_3177,
00bbac68_3178,
00bbac68_3179,
00bbac68_3180,
00bbac68_3181,
00bbac68_3182,
00bbac68_3183,
00bbac68_3184,
00bbac68_3185,
00bbac68_3186,
00bbac68_3187,
00bbac68_3188,
00bbac68_3189,
00bbac68_3190,
00bbac68_3191,
00bbac68_3192,
00bbac68_3193,
00bbac68_3194,
00bbac68_3195,
00bbac68_3196,
00bbac68_3197,
00bbac68_3198,
00bbac68_3199,
00bbac68_3200,
00bbac68_3201,
00bbac68_3202,
00bbac68_3203,
00bbac68_3204,
00bbac68_3205,
00bbac68_3206,
00bbac68_3207,
00bbac68_3208,
00bbac68_3209,
00bbac68_3210,
00bbac68_3211,
00bbac68_3212,
00bbac68_3213,
00bbac68_3214,
00bbac68_3215,
00bbac68_3216,
00bbac68_3217,
00bbac68_3218,
00bbac68_3219,
00bbac68_3220,
00bbac68_3221,
00bbac68_3222,
00bbac68_3223,
00bbac68_3224,
00bbac68_3225,
00bbac68_3226,
00bbac68_3227,
00bbac68_3228,
00bbac68_3229,
00bbac68_3230,
00bbac68_3231,
00bbac68_3232,
00bbac68_3233,
00bbac68_3234,
00bbac68_3235,
00bbac68_3236,
00bbac68_3237,
00bbac68_3238,
00bbac68_3239,
00bbac68_3240,
00bbac68_3241,
00bbac68_3242,
00bbac68_3243,
00bbac68_3244,
00bbac68_3245,
00bbac68_3246,
00bbac68_3247,
00bbac68_3248,
00bbac68_3249,
00bbac68_3250,
00bbac68_3251,
00bbac68_3252,
00bbac68_3253,
00bbac68_3254,
00bbac68_3255,
00bbac68_3256,
00bbac68_3257,
00bbac68_3258,
00bbac68_3259,
00bbac68_3260,
00bbac68_3261,
00bbac68_3262,
00bbac68_3263,
00bbac68_3264,
00bbac68_3265,
00bbac68_3266,
00bbac68_3267,
00bbac68_3268,
00bbac68_3269,
00bbac68_3270,
00bbac68_3271,
00bbac68_3272,
00bbac68_3273,
00bbac68_3274,
00bbac68_3275,
00bbac68_3276,
00bbac68_3277,
00bbac68_3278,
00bbac68_3279,
00bbac68_3280,
00bbac68_3281,
00bbac68_3282,
00bbac68_3283,
00bbac68_3284,
00bbac68_3285,
00bbac68_3286,
00bbac68_3287,
00bbac68_3288,
00bbac68_3289,
00bbac68_3290,
00bbac68_3291,
00bbac68_3292,
00bbac68_3293,
00bbac68_3294,
00bbac68_3295,
00bbac68_3296,
00bbac68_3297,
00bbac68_3298,
00bbac68_3299,
00bbac68_3300,
00bbac68_3301,
00bbac68_3302,
00bbac68_3303,
00bbac68_3304,
00bbac68_3305,
00bbac68_3306,
00bbac68_3307,
00bbac68_3308,
00bbac68_3309,
00bbac68_3310,
00bbac68_3311,
00bbac68_3312,
00bbac68_3313,
00bbac68_3314,
00bbac68_3315,
00bbac68_3316,
00bbac68_3317,
00bbac68_3318,
00bbac68_3319,
00bbac68_3320,
00bbac68_3321,
00bbac68_3322,
00bbac68_3323,
00bbac68_3324,
00bbac68_3325,
00bbac68_3326,
00bbac68_3327,
00bbac68_3328,
00bbac68_3329,
00bbac68_3330,
00bbac68_3331,
00bbac68_3332,
00bbac68_3333,
00bbac68_3334,
00bbac68_3335,
00bbac68_3336,
00bbac68_3337,
00bbac68_3338,
00bbac68_3339,
00bbac68_3340,
00bbac68_3341,
00bbac68_3342,
00bbac68_3343,
00bbac68_3344,
00bbac68_3345,
00bbac68_3346,
00bbac68_3347,
00bbac68_3348,
00bbac68_3349,
00bbac68_3350,
00bbac68_3351,
00bbac68_3352,
00bbac68_3353,
00bbac68_3354,
00bbac68_3355,
00bbac68_3356,
00bbac68_3357,
00bbac68_3358,
00bbac68_3359,
00bbac68_3360,
00bbac68_3361,
00bbac68_3362,
00bbac68_3363,
00bbac68_3364,
00bbac68_3365,
00bbac68_3366,
00bbac68_3367,
00bbac68_3368,
00bbac68_3369,
00bbac68_3370,
00bbac68_3371,
00bbac68_3372,
00bbac68_3373,
00bbac68_3374,
00bbac68_3375,
00bbac68_3376,
00bbac68_3377,
00bbac68_3378,
00bbac68_3379,
00bbac68_3380,
00bbac68_3381,
00bbac68_3382,
00bbac68_3383,
00bbac68_3384,
00bbac68_3385,
00bbac68_3386,
00bbac68_3387,
00bbac68_3388,
00bbac68_3389,
00bbac68_3390,
00bbac68_3391,
00bbac68_3392,
00bbac68_3393,
00bbac68_3394,
00bbac68_3395,
00bbac68_3396,
00bbac68_3397,
00bbac68_3398,
00bbac68_3399,
00bbac68_3400,
00bbac68_3401,
00bbac68_3402,
00bbac68_3403,
00bbac68_3404,
00bbac68_3405,
00bbac68_3406,
00bbac68_3407,
00bbac68_3408,
00bbac68_3409,
00bbac68_3410,
00bbac68_3411,
00bbac68_3412,
00bbac68_3413,
00bbac68_3414,
00bbac68_3415,
00bbac68_3416,
00bbac68_3417,
00bbac68_3418,
00bbac68_3419,
00bbac68_3420,
00bbac68_3421,
00bbac68_3422,
00bbac68_3423,
00bbac68_3424,
00bbac68_3425,
00bbac68_3426,
00bbac68_3427,
00bbac68_3428,
00bbac68_3429,
00bbac68_3430,
00bbac68_3431,
00bbac68_3432,
00bbac68_3433,
00bbac68_3434,
00bbac68_3435,
00bbac68_3436,
00bbac68_3437,
00bbac68_3438,
00bbac68_3439,
00bbac68_3440,
00bbac68_3441,
00bbac68_3442,
00bbac68_3443,
00bbac68_3444,
00bbac68_3445,
00bbac68_3446,
00bbac68_3447,
00bbac68_3448,
00bbac68_3449,
00bbac68_3450,
00bbac68_3451,
00bbac68_3452,
00bbac68_3453,
00bbac68_3454,
00bbac68_3455,
00bbac68_3456,
00bbac68_3457,
00bbac68_3458,
00bbac68_3459,
00bbac68_3460,
00bbac68_3461,
00bbac68_3462,
00bbac68_3463,
00bbac68_3464,
00bbac68_3465,
00bbac68_3466,
00bbac68_3467,
00bbac68_3468,
00bbac68_3469,
00bbac68_3470,
00bbac68_3471,
00bbac68_3472,
00bbac68_3473,
00bbac68_3474,
00bbac68_3475,
00bbac68_3476,
00bbac68_3477,
00bbac68_3478,
00bbac68_3479,
00bbac68_3480,
00bbac68_3481,
00bbac68_3482,
00bbac68_3483,
00bbac68_3484,
00bbac68_3485,
00bbac68_3486,
00bbac68_3487,
00bbac68_3488,
00bbac68_3489,
00bbac68_3490,
00bbac68_3491,
00bbac68_3492,
00bbac68_3493,
00bbac68_3494,
00bbac68_3495,
00bbac68_3496,
00bbac68_3497,
00bbac68_3498,
00bbac68_3499,
00bbac68_3500,
00bbac68_3501,
00bbac68_3502,
00bbac68_3503,
00bbac68_3504,
00bbac68_3505,
00bbac68_3506,
00bbac68_3507,
00bbac68_3508,
00bbac68_3509,
00bbac68_3510,
00bbac68_3511,
00bbac68_3512,
00bbac68_3513,
00bbac68_3514,
00bbac68_3515,
00bbac68_3516,
00bbac68_3517,
00bbac68_3518,
00bbac68_3519,
00bbac68_3520,
00bbac68_3521,
00bbac68_3522,
00bbac68_3523,
00bbac68_3524,
00bbac68_3525,
00bbac68_3526,
00bbac68_3527,
00bbac68_3528,
00bbac68_3529,
00bbac68_3530,
00bbac68_3531,
00bbac68_3532,
00bbac68_3533,
00bbac68_3534,
00bbac68_3535,
00bbac68_3536,
00bbac68_3537,
00bbac68_3538,
00bbac68_3539,
00bbac68_3540,
00bbac68_3541,
00bbac68_3542,
00bbac68_3543,
00bbac68_3544,
00bbac68_3545,
00bbac68_3546,
00bbac68_3547,
00bbac68_3548,
00bbac68_3549,
00bbac68_3550,
00bbac68_3551,
00bbac68_3552,
00bbac68_3553,
00bbac68_3554,
00bbac68_3555,
00bbac68_3556,
00bbac68_3557,
00bbac68_3558,
00bbac68_3559,
00bbac68_3560,
00bbac68_3561,
00bbac68_3562,
00bbac68_3563,
00bbac68_3564,
00bbac68_3565,
00bbac68_3566,
00bbac68_3567,
00bbac68_3568,
00bbac68_3569,
00bbac68_3570,
00bbac68_3571,
00bbac68_3572,
00bbac68_3573,
00bbac68_3574,
00bbac68_3575,
00bbac68_3576,
00bbac68_3577,
00bbac68_3578,
00bbac68_3579,
00bbac68_3580,
00bbac68_3581,
00bbac68_3582,
00bbac68_3583,
00bbac68_3584,
00bbac68_3585,
00bbac68_3586,
00bbac68_3587,
00bbac68_3588,
00bbac68_3589,
00bbac68_3590,
00bbac68_3591,
00bbac68_3592,
00bbac68_3593,
00bbac68_3594,
00bbac68_3595,
00bbac68_3596,
00bbac68_3597,
00bbac68_3598,
00bbac68_3599,
00bbac68_3600,
00bbac68_3601,
00bbac68_3602,
00bbac68_3603,
00bbac68_3604,
00bbac68_3605,
00bbac68_3606,
00bbac68_3607,
00bbac68_3608,
00bbac68_3609,
00bbac68_3610,
00bbac68_3611,
00bbac68_3612,
00bbac68_3613,
00bbac68_3614,
00bbac68_3615,
00bbac68_3616,
00bbac68_3617,
00bbac68_3618,
00bbac68_3619,
00bbac68_3620,
00bbac68_3621,
00bbac68_3622,
00bbac68_3623,
00bbac68_3624,
00bbac68_3625,
00bbac68_3626,
00bbac68_3627,
00bbac68_3628,
00bbac68_3629,
00bbac68_3630,
00bbac68_3631,
00bbac68_3632,
00bbac68_3633,
00bbac68_3634,
00bbac68_3635,
00bbac68_3636,
00bbac68_3637,
00bbac68_3638,
00bbac68_3639,
00bbac68_3640,
00bbac68_3641,
00bbac68_3642,
00bbac68_3643,
00bbac68_3644,
00bbac68_3645,
00bbac68_3646,
00bbac68_3647,
00bbac68_3648,
00bbac68_3649,
00bbac68_3650,
00bbac68_3651,
00bbac68_3652,
00bbac68_3653,
00bbac68_3654,
00bbac68_3655,
00bbac68_3656,
00bbac68_3657,
00bbac68_3658,
00bbac68_3659,
00bbac68_3660,
00bbac68_3661,
00bbac68_3662,
00bbac68_3663,
00bbac68_3664,
00bbac68_3665,
00bbac68_3666,
00bbac68_3667,
00bbac68_3668,
00bbac68_3669,
00bbac68_3670,
00bbac68_3671,
00bbac68_3672,
00bbac68_3673,
00bbac68_3674,
00bbac68_3675,
00bbac68_3676,
00bbac68_3677,
00bbac68_3678,
00bbac68_3679,
00bbac68_3680,
00bbac68_3681,
00bbac68_3682,
00bbac68_3683,
00bbac68_3684,
00bbac68_3685,
00bbac68_3686,
00bbac68_3687,
00bbac68_3688,
00bbac68_3689,
00bbac68_3690,
00bbac68_3691,
00bbac68_3692,
00bbac68_3693,
00bbac68_3694,
00bbac68_3695,
00bbac68_3696,
00bbac68_3697,
00bbac68_3698,
00bbac68_3699,
00bbac68_3700,
00bbac68_3701,
00bbac68_3702,
00bbac68_3703,
00bbac68_3704,
00bbac68_3705,
00bbac68_3706,
00bbac68_3707,
00bbac68_3708,
00bbac68_3709,
00bbac68_3710,
00bbac68_3711,
00bbac68_3712,
00bbac68_3713,
00bbac68_3714,
00bbac68_3715,
00bbac68_3716,
00bbac68_3717,
00bbac68_3718,
00bbac68_3719,
00bbac68_3720,
00bbac68_3721,
00bbac68_3722,
00bbac68_3723,
00bbac68_3724,
00bbac68_3725,
00bbac68_3726,
00bbac68_3727,
00bbac68_3728,
00bbac68_3729,
00bbac68_3730,
00bbac68_3731,
00bbac68_3732,
00bbac68_3733,
00bbac68_3734,
00bbac68_3735,
00bbac68_3736,
00bbac68_3737,
00bbac68_3738,
00bbac68_3739,
00bbac68_3740,
00bbac68_3741,
00bbac68_3742,
00bbac68_3743,
00bbac68_3744,
00bbac68_3745,
00bbac68_3746,
00bbac68_3747,
00bbac68_3748,
00bbac68_3749,
00bbac68_3750,
00bbac68_3751,
00bbac68_3752,
00bbac68_3753,
00bbac68_3754,
00bbac68_3755,
00bbac68_3756,
00bbac68_3757,
00bbac68_3758,
00bbac68_3759,
00bbac68_3760,
00bbac68_3761,
00bbac68_3762,
00bbac68_3763,
00bbac68_3764,
00bbac68_3765,
00bbac68_3766,
00bbac68_3767,
00bbac68_3768,
00bbac68_3769,
00bbac68_3770,
00bbac68_3771,
00bbac68_3772,
00bbac68_3773,
00bbac68_3774,
00bbac68_3775,
00bbac68_3776,
00bbac68_3777,
00bbac68_3778,
00bbac68_3779,
00bbac68_3780,
00bbac68_3781,
00bbac68_3782,
00bbac68_3783,
00bbac68_3784,
00bbac68_3785,
00bbac68_3786,
00bbac68_3787,
00bbac68_3788,
00bbac68_3789,
00bbac68_3790,
00bbac68_3791,
00bbac68_3792,
00bbac68_3793,
00bbac68_3794,
00bbac68_3795,
00bbac68_3796,
00bbac68_3797,
00bbac68_3798,
00bbac68_3799,
00bbac68_3800,
00bbac68_3801,
00bbac68_3802,
00bbac68_3803,
00bbac68_3804,
00bbac68_3805,
00bbac68_3806,
00bbac68_3807,
00bbac68_3808,
00bbac68_3809,
00bbac68_3810,
00bbac68_3811,
00bbac68_3812,
00bbac68_3813,
00bbac68_3814,
00bbac68_3815,
00bbac68_3816,
00bbac68_3817,
00bbac68_3818,
00bbac68_3819,
00bbac68_3820,
00bbac68_3821,
00bbac68_3822,
00bbac68_3823,
00bbac68_3824,
00bbac68_3825,
00bbac68_3826,
00bbac68_3827,
00bbac68_3828,
00bbac68_3829,
00bbac68_3830,
00bbac68_3831,
00bbac68_3832,
00bbac68_3833,
00bbac68_3834,
00bbac68_3835,
00bbac68_3836,
00bbac68_3837,
00bbac68_3838,
00bbac68_3839,
00bbac68_3840,
00bbac68_3841,
00bbac68_3842,
00bbac68_3843,
00bbac68_3844,
00bbac68_3845,
00bbac68_3846,
00bbac68_3847,
00bbac68_3848,
00bbac68_3849,
00bbac68_3850,
00bbac68_3851,
00bbac68_3852,
00bbac68_3853,
00bbac68_3854,
00bbac68_3855,
00bbac68_3856,
00bbac68_3857,
00bbac68_3858,
00bbac68_3859,
00bbac68_3860,
00bbac68_3861,
00bbac68_3862,
00bbac68_3863,
00bbac68_3864,
00bbac68_3865,
00bbac68_3866,
00bbac68_3867,
00bbac68_3868,
00bbac68_3869,
00bbac68_3870,
00bbac68_3871,
00bbac68_3872,
00bbac68_3873,
00bbac68_3874,
00bbac68_3875,
00bbac68_3876,
00bbac68_3877,
00bbac68_3878,
00bbac68_3879,
00bbac68_3880,
00bbac68_3881,
00bbac68_3882,
00bbac68_3883,
00bbac68_3884,
00bbac68_3885,
00bbac68_3886,
00bbac68_3887,
00bbac68_3888,
00bbac68_3889,
00bbac68_3890,
00bbac68_3891,
00bbac68_3892,
00bbac68_3893,
00bbac68_3894,
00bbac68_3895,
00bbac68_3896,
00bbac68_3897,
00bbac68_3898,
00bbac68_3899,
00bbac68_3900,
00bbac68_3901,
00bbac68_3902,
00bbac68_3903,
00bbac68_3904,
00bbac68_3905,
00bbac68_3906,
00bbac68_3907,
00bbac68_3908,
00bbac68_3909,
00bbac68_3910,
00bbac68_3911,
00bbac68_3912,
00bbac68_3913,
00bbac68_3914,
00bbac68_3915,
00bbac68_3916,
00bbac68_3917,
00bbac68_3918,
00bbac68_3919,
00bbac68_3920,
00bbac68_3921,
00bbac68_3922,
00bbac68_3923,
00bbac68_3924,
00bbac68_3925,
00bbac68_3926,
00bbac68_3927,
00bbac68_3928,
00bbac68_3929,
00bbac68_3930,
00bbac68_3931,
00bbac68_3932,
00bbac68_3933,
00bbac68_3934,
00bbac68_3935,
00bbac68_3936,
00bbac68_3937,
00bbac68_3938,
00bbac68_3939,
00bbac68_3940,
00bbac68_3941,
00bbac68_3942,
00bbac68_3943,
00bbac68_3944,
00bbac68_3945,
00bbac68_3946,
00bbac68_3947,
00bbac68_3948,
00bbac68_3949,
00bbac68_3950,
00bbac68_3951,
00bbac68_3952,
00bbac68_3953,
00bbac68_3954,
00bbac68_3955,
00bbac68_3956,
00bbac68_3957,
00bbac68_3958,
00bbac68_3959,
00bbac68_3960,
00bbac68_3961,
00bbac68_3962,
00bbac68_3963,
00bbac68_3964,
00bbac68_3965,
00bbac68_3966,
00bbac68_3967,
00bbac68_3968,
00bbac68_3969,
00bbac68_3970,
00bbac68_3971,
00bbac68_3972,
00bbac68_3973,
00bbac68_3974,
00bbac68_3975,
00bbac68_3976,
00bbac68_3977,
00bbac68_3978,
00bbac68_3979,
00bbac68_3980,
00bbac68_3981,
00bbac68_3982,
00bbac68_3983,
00bbac68_3984,
00bbac68_3985,
00bbac68_3986,
00bbac68_3987,
00bbac68_3988,
00bbac68_3989,
00bbac68_3990,
00bbac68_3991,
00bbac68_3992,
00bbac68_3993,
00bbac68_3994,
00bbac68_3995,
00bbac68_3996,
00bbac68_3997,
00bbac68_3998,
00bbac68_3999,
00bbac68_4000,
00bbac68_4001,
00bbac68_4002,
00bbac68_4003,
00bbac68_4004,
00bbac68_4005,
00bbac68_4006,
00bbac68_4007,
00bbac68_4008,
00bbac68_4009,
00bbac68_4010,
00bbac68_4011,
00bbac68_4012,
00bbac68_4013,
00bbac68_4014,
00bbac68_4015,
00bbac68_4016,
00bbac68_4017,
00bbac68_4018,
00bbac68_4019,
00bbac68_4020,
00bbac68_4021,
00bbac68_4022,
00bbac68_4023,
00bbac68_4024,
00bbac68_4025,
00bbac68_4026,
00bbac68_4027,
00bbac68_4028,
00bbac68_4029,
00bbac68_4030,
00bbac68_4031,
00bbac68_4032,
00bbac68_4033,
00bbac68_4034,
00bbac68_4035,
00bbac68_4036,
00bbac68_4037,
00bbac68_4038,
00bbac68_4039,
00bbac68_4040,
00bbac68_4041,
00bbac68_4042,
00bbac68_4043,
00bbac68_4044,
00bbac68_4045,
00bbac68_4046,
00bbac68_4047,
00bbac68_4048,
00bbac68_4049,
00bbac68_4050,
00bbac68_4051,
00bbac68_4052,
00bbac68_4053,
00bbac68_4054,
00bbac68_4055,
00bbac68_4056,
00bbac68_4057,
00bbac68_4058,
00bbac68_4059,
00bbac68_4060,
00bbac68_4061,
00bbac68_4062,
00bbac68_4063,
00bbac68_4064,
00bbac68_4065,
00bbac68_4066,
00bbac68_4067,
00bbac68_4068,
00bbac68_4069,
00bbac68_4070,
00bbac68_4071,
00bbac68_4072,
00bbac68_4073,
00bbac68_4074,
00bbac68_4075,
00bbac68_4076,
00bbac68_4077,
00bbac68_4078,
00bbac68_4079,
00bbac68_4080,
00bbac68_4081,
00bbac68_4082,
00bbac68_4083,
00bbac68_4084,
00bbac68_4085,
00bbac68_4086,
00bbac68_4087,
00bbac68_4088,
00bbac68_4089,
00bbac68_4090,
00bbac68_4091,
00bbac68_4092,
00bbac68_4093,
00bbac68_4094,
00bbac68_4095,
00bbac68_4096,
00bbac68_4097,
00bbac68_4098,
00bbac68_4099,
00bbac68_4100,
00bbac68_4101,
00bbac68_4102,
00bbac68_4103,
00bbac68_4104,
00bbac68_4105,
00bbac68_4106,
00bbac68_4107,
00bbac68_4108,
00bbac68_4109,
00bbac68_4110,
00bbac68_4111,
00bbac68_4112,
00bbac68_4113,
00bbac68_4114,
00bbac68_4115,
00bbac68_4116,
00bbac68_4117,
00bbac68_4118,
00bbac68_4119,
00bbac68_4120,
00bbac68_4121,
00bbac68_4122,
00bbac68_4123,
00bbac68_4124,
00bbac68_4125,
00bbac68_4126,
00bbac68_4127,
00bbac68_4128,
00bbac68_4129,
00bbac68_4130,
00bbac68_4131,
00bbac68_4132,
00bbac68_4133,
00bbac68_4134,
00bbac68_4135,
00bbac68_4136,
00bbac68_4137,
00bbac68_4138,
00bbac68_4139,
00bbac68_4140,
00bbac68_4141,
00bbac68_4142,
00bbac68_4143,
00bbac68_4144,
00bbac68_4145,
00bbac68_4146,
00bbac68_4147,
00bbac68_4148,
00bbac68_4149,
00bbac68_4150,
00bbac68_4151,
00bbac68_4152,
00bbac68_4153,
00bbac68_4154,
00bbac68_4155,
00bbac68_4156,
00bbac68_4157,
00bbac68_4158,
00bbac68_4159,
00bbac68_4160,
00bbac68_4161,
00bbac68_4162,
00bbac68_4163,
00bbac68_4164,
00bbac68_4165,
00bbac68_4166,
00bbac68_4167,
00bbac68_4168,
00bbac68_4169,
00bbac68_4170,
00bbac68_4171,
00bbac68_4172,
00bbac68_4173,
00bbac68_4174,
00bbac68_4175,
00bbac68_4176,
00bbac68_4177,
00bbac68_4178,
00bbac68_4179,
00bbac68_4180,
00bbac68_4181,
00bbac68_4182,
00bbac68_4183,
00bbac68_4184,
00bbac68_4185,
00bbac68_4186,
00bbac68_4187,
00bbac68_4188,
00bbac68_4189,
00bbac68_4190,
00bbac68_4191,
00bbac68_4192,
00bbac68_4193,
00bbac68_4194,
00bbac68_4195,
00bbac68_4196,
00bbac68_4197,
00bbac68_4198,
00bbac68_4199,
00bbac68_4200,
00bbac68_4201,
00bbac68_4202,
00bbac68_4203,
00bbac68_4204,
00bbac68_4205,
00bbac68_4206,
00bbac68_4207,
00bbac68_4208,
00bbac68_4209,
00bbac68_4210,
00bbac68_4211,
00bbac68_4212,
00bbac68_4213,
00bbac68_4214,
00bbac68_4215,
00bbac68_4216,
00bbac68_4217,
00bbac68_4218,
00bbac68_4219,
00bbac68_4220,
00bbac68_4221,
00bbac68_4222,
00bbac68_4223,
00bbac68_4224,
00bbac68_4225,
00bbac68_4226,
00bbac68_4227,
00bbac68_4228,
00bbac68_4229,
00bbac68_4230,
00bbac68_4231,
00bbac68_4232,
00bbac68_4233,
00bbac68_4234,
00bbac68_4235,
00bbac68_4236,
00bbac68_4237,
00bbac68_4238,
00bbac68_4239,
00bbac68_4240,
00bbac68_4241,
00bbac68_4242,
00bbac68_4243,
00bbac68_4244,
00bbac68_4245,
00bbac68_4246,
00bbac68_4247,
00bbac68_4248,
00bbac68_4249,
00bbac68_4250,
00bbac68_4251,
00bbac68_4252,
00bbac68_4253,
00bbac68_4254,
00bbac68_4255,
00bbac68_4256,
00bbac68_4257,
00bbac68_4258,
00bbac68_4259,
00bbac68_4260,
00bbac68_4261,
00bbac68_4262,
00bbac68_4263,
00bbac68_4264,
00bbac68_4265,
00bbac68_4266,
00bbac68_4267,
00bbac68_4268,
00bbac68_4269,
00bbac68_4270,
00bbac68_4271,
00bbac68_4272,
00bbac68_4273,
00bbac68_4274,
00bbac68_4275,
00bbac68_4276,
00bbac68_4277,
00bbac68_4278,
00bbac68_4279,
00bbac68_4280,
00bbac68_4281,
00bbac68_4282,
00bbac68_4283,
00bbac68_4284,
00bbac68_4285,
00bbac68_4286,
00bbac68_4287,
00bbac68_4288,
00bbac68_4289,
00bbac68_4290,
00bbac68_4291,
00bbac68_4292,
00bbac68_4293,
00bbac68_4294,
00bbac68_4295,
00bbac68_4296,
00bbac68_4297,
00bbac68_4298,
00bbac68_4299,
00bbac68_4300,
00bbac68_4301,
00bbac68_4302,
00bbac68_4303,
00bbac68_4304,
00bbac68_4305,
00bbac68_4306,
00bbac68_4307,
00bbac68_4308,
00bbac68_4309,
00bbac68_4310,
00bbac68_4311,
00bbac68_4312,
00bbac68_4313,
00bbac68_4314,
00bbac68_4315,
00bbac68_4316,
00bbac68_4317,
00bbac68_4318,
00bbac68_4319,
00bbac68_4320,
00bbac68_4321,
00bbac68_4322,
00bbac68_4323,
00bbac68_4324,
00bbac68_4325,
00bbac68_4326,
00bbac68_4327,
00bbac68_4328,
00bbac68_4329,
00bbac68_4330,
00bbac68_4331,
00bbac68_4332,
00bbac68_4333,
00bbac68_4334,
00bbac68_4335,
00bbac68_4336,
00bbac68_4337,
00bbac68_4338,
00bbac68_4339,
00bbac68_4340,
00bbac68_4341,
00bbac68_4342,
00bbac68_4343,
00bbac68_4344,
00bbac68_4345,
00bbac68_4346,
00bbac68_4347,
00bbac68_4348,
00bbac68_4349,
00bbac68_4350,
00bbac68_4351,
00bbac68_4352,
00bbac68_4353,
00bbac68_4354,
00bbac68_4355,
00bbac68_4356,
00bbac68_4357,
00bbac68_4358,
00bbac68_4359,
00bbac68_4360,
00bbac68_4361,
00bbac68_4362,
00bbac68_4363,
00bbac68_4364,
00bbac68_4365,
00bbac68_4366,
00bbac68_4367,
00bbac68_4368,
00bbac68_4369,
00bbac68_4370,
00bbac68_4371,
00bbac68_4372,
00bbac68_4373,
00bbac68_4374,
00bbac68_4375,
00bbac68_4376,
00bbac68_4377,
00bbac68_4378,
00bbac68_4379,
00bbac68_4380,
00bbac68_4381,
00bbac68_4382,
00bbac68_4383,
00bbac68_4384,
00bbac68_4385,
00bbac68_4386,
00bbac68_4387,
00bbac68_4388,
00bbac68_4389,
00bbac68_4390,
00bbac68_4391,
00bbac68_4392,
00bbac68_4393,
00bbac68_4394,
00bbac68_4395,
00bbac68_4396,
00bbac68_4397,
00bbac68_4398,
00bbac68_4399,
00bbac68_4400,
00bbac68_4401,
00bbac68_4402,
00bbac68_4403,
00bbac68_4404,
00bbac68_4405,
00bbac68_4406,
00bbac68_4407,
00bbac68_4408,
00bbac68_4409,
00bbac68_4410,
00bbac68_4411,
00bbac68_4412,
00bbac68_4413,
00bbac68_4414,
00bbac68_4415,
00bbac68_4416,
00bbac68_4417,
00bbac68_4418,
00bbac68_4419,
00bbac68_4420,
00bbac68_4421,
00bbac68_4422,
00bbac68_4423,
00bbac68_4424,
00bbac68_4425,
00bbac68_4426,
00bbac68_4427,
00bbac68_4428,
00bbac68_4429,
00bbac68_4430,
00bbac68_4431,
00bbac68_4432,
00bbac68_4433,
00bbac68_4434,
00bbac68_4435,
00bbac68_4436,
00bbac68_4437,
00bbac68_4438,
00bbac68_4439,
00bbac68_4440,
00bbac68_4441,
00bbac68_4442,
00bbac68_4443,
00bbac68_4444,
00bbac68_4445,
00bbac68_4446,
00bbac68_4447,
00bbac68_4448,
00bbac68_4449,
00bbac68_4450,
00bbac68_4451,
00bbac68_4452,
00bbac68_4453,
00bbac68_4454,
00bbac68_4455,
00bbac68_4456,
00bbac68_4457,
00bbac68_4458,
00bbac68_4459,
00bbac68_4460,
00bbac68_4461,
00bbac68_4462,
00bbac68_4463,
00bbac68_4464,
00bbac68_4465,
00bbac68_4466,
00bbac68_4467,
00bbac68_4468,
00bbac68_4469,
00bbac68_4470,
00bbac68_4471,
00bbac68_4472,
00bbac68_4473,
00bbac68_4474,
00bbac68_4475,
00bbac68_4476,
00bbac68_4477,
00bbac68_4478,
00bbac68_4479,
00bbac68_4480,
00bbac68_4481,
00bbac68_4482,
00bbac68_4483,
00bbac68_4484,
00bbac68_4485,
00bbac68_4486,
00bbac68_4487,
00bbac68_4488,
00bbac68_4489,
00bbac68_4490,
00bbac68_4491,
00bbac68_4492,
00bbac68_4493,
00bbac68_4494,
00bbac68_4495,
00bbac68_4496,
00bbac68_4497,
00bbac68_4498,
00bbac68_4499,
00bbac68_4500,
00bbac68_4501,
00bbac68_4502,
00bbac68_4503,
00bbac68_4504,
00bbac68_4505,
00bbac68_4506,
00bbac68_4507,
00bbac68_4508,
00bbac68_4509,
00bbac68_4510,
00bbac68_4511,
00bbac68_4512,
00bbac68_4513,
00bbac68_4514,
00bbac68_4515,
00bbac68_4516,
00bbac68_4517,
00bbac68_4518,
00bbac68_4519,
00bbac68_4520,
00bbac68_4521,
00bbac68_4522,
00bbac68_4523,
00bbac68_4524,
00bbac68_4525,
00bbac68_4526,
00bbac68_4527,
00bbac68_4528,
00bbac68_4529,
00bbac68_4530,
00bbac68_4531,
00bbac68_4532,
00bbac68_4533,
00bbac68_4534,
00bbac68_4535,
00bbac68_4536,
00bbac68_4537,
00bbac68_4538,
00bbac68_4539,
00bbac68_4540,
00bbac68_4541,
00bbac68_4542,
00bbac68_4543,
00bbac68_4544,
00bbac68_4545,
00bbac68_4546,
00bbac68_4547,
00bbac68_4548,
00bbac68_4549,
00bbac68_4550,
00bbac68_4551,
00bbac68_4552,
00bbac68_4553,
00bbac68_4554,
00bbac68_4555,
00bbac68_4556,
00bbac68_4557,
00bbac68_4558,
00bbac68_4559,
00bbac68_4560,
00bbac68_4561,
00bbac68_4562,
00bbac68_4563,
00bbac68_4564,
00bbac68_4565,
00bbac68_4566,
00bbac68_4567,
00bbac68_4568,
00bbac68_4569,
00bbac68_4570,
00bbac68_4571,
00bbac68_4572,
00bbac68_4573,
00bbac68_4574,
00bbac68_4575,
00bbac68_4576,
00bbac68_4577,
00bbac68_4578,
00bbac68_4579,
00bbac68_4580,
00bbac68_4581,
00bbac68_4582,
00bbac68_4583,
00bbac68_4584,
00bbac68_4585,
00bbac68_4586,
00bbac68_4587,
00bbac68_4588,
00bbac68_4589,
00bbac68_4590,
00bbac68_4591,
00bbac68_4592,
00bbac68_4593,
00bbac68_4594,
00bbac68_4595,
00bbac68_4596,
00bbac68_4597,
00bbac68_4598,
00bbac68_4599,
00bbac68_4600,
00bbac68_4601,
00bbac68_4602,
00bbac68_4603,
00bbac68_4604,
00bbac68_4605,
00bbac68_4606,
00bbac68_4607,
00bbac68_4608,
00bbac68_4609,
00bbac68_4610,
00bbac68_4611,
00bbac68_4612,
00bbac68_4613,
00bbac68_4614,
00bbac68_4615,
00bbac68_4616,
00bbac68_4617,
00bbac68_4618,
00bbac68_4619,
00bbac68_4620,
00bbac68_4621,
00bbac68_4622,
00bbac68_4623,
00bbac68_4624,
00bbac68_4625,
00bbac68_4626,
00bbac68_4627,
00bbac68_4628,
00bbac68_4629,
00bbac68_4630,
00bbac68_4631,
00bbac68_4632,
00bbac68_4633,
00bbac68_4634,
00bbac68_4635,
00bbac68_4636,
00bbac68_4637,
00bbac68_4638,
00bbac68_4639,
00bbac68_4640,
00bbac68_4641,
00bbac68_4642,
00bbac68_4643,
00bbac68_4644,
00bbac68_4645,
00bbac68_4646,
00bbac68_4647,
00bbac68_4648,
00bbac68_4649,
00bbac68_4650,
00bbac68_4651,
00bbac68_4652,
00bbac68_4653,
00bbac68_4654,
00bbac68_4655,
00bbac68_4656,
00bbac68_4657,
00bbac68_4658,
00bbac68_4659,
00bbac68_4660,
00bbac68_4661,
00bbac68_4662,
00bbac68_4663,
00bbac68_4664,
00bbac68_4665,
00bbac68_4666,
00bbac68_4667,
00bbac68_4668,
00bbac68_4669,
00bbac68_4670,
00bbac68_4671,
00bbac68_4672,
00bbac68_4673,
00bbac68_4674,
00bbac68_4675,
00bbac68_4676,
00bbac68_4677,
00bbac68_4678,
00bbac68_4679,
00bbac68_4680,
00bbac68_4681,
00bbac68_4682,
00bbac68_4683,
00bbac68_4684,
00bbac68_4685,
00bbac68_4686,
00bbac68_4687,
00bbac68_4688,
00bbac68_4689,
00bbac68_4690,
00bbac68_4691,
00bbac68_4692,
00bbac68_4693,
00bbac68_4694,
00bbac68_4695,
00bbac68_4696,
00bbac68_4697,
00bbac68_4698,
00bbac68_4699,
00bbac68_4700,
00bbac68_4701,
00bbac68_4702,
00bbac68_4703,
00bbac68_4704,
00bbac68_4705,
00bbac68_4706,
00bbac68_4707,
00bbac68_4708,
00bbac68_4709,
00bbac68_4710,
00bbac68_4711,
00bbac68_4712,
00bbac68_4713,
00bbac68_4714,
00bbac68_4715,
00bbac68_4716,
00bbac68_4717,
00bbac68_4718,
00bbac68_4719,
00bbac68_4720,
00bbac68_4721,
00bbac68_4722,
00bbac68_4723,
00bbac68_4724,
00bbac68_4725,
00bbac68_4726,
00bbac68_4727,
00bbac68_4728,
00bbac68_4729,
00bbac68_4730,
00bbac68_4731,
00bbac68_4732,
00bbac68_4733,
00bbac68_4734,
00bbac68_4735,
00bbac68_4736,
00bbac68_4737,
00bbac68_4738,
00bbac68_4739,
00bbac68_4740,
00bbac68_4741,
00bbac68_4742,
00bbac68_4743,
00bbac68_4744,
00bbac68_4745,
00bbac68_4746,
00bbac68_4747,
00bbac68_4748,
00bbac68_4749,
00bbac68_4750,
00bbac68_4751,
00bbac68_4752,
00bbac68_4753,
00bbac68_4754,
00bbac68_4755,
00bbac68_4756,
00bbac68_4757,
00bbac68_4758,
00bbac68_4759,
00bbac68_4760,
00bbac68_4761,
00bbac68_4762,
00bbac68_4763,
00bbac68_4764,
00bbac68_4765,
00bbac68_4766,
00bbac68_4767,
00bbac68_4768,
00bbac68_4769,
00bbac68_4770,
00bbac68_4771,
00bbac68_4772,
00bbac68_4773,
00bbac68_4774,
00bbac68_4775,
00bbac68_4776,
00bbac68_4777,
00bbac68_4778,
00bbac68_4779,
00bbac68_4780,
00bbac68_4781,
00bbac68_4782,
00bbac68_4783,
00bbac68_4784,
00bbac68_4785,
00bbac68_4786,
00bbac68_4787,
00bbac68_4788,
00bbac68_4789,
00bbac68_4790,
00bbac68_4791,
00bbac68_4792,
00bbac68_4793,
00bbac68_4794,
00bbac68_4795,
00bbac68_4796,
00bbac68_4797,
00bbac68_4798,
00bbac68_4799,
00bbac68_4800,
00bbac68_4801,
00bbac68_4802,
00bbac68_4803,
00bbac68_4804,
00bbac68_4805,
00bbac68_4806,
00bbac68_4807,
00bbac68_4808,
00bbac68_4809,
00bbac68_4810,
00bbac68_4811,
00bbac68_4812,
00bbac68_4813,
00bbac68_4814,
00bbac68_4815,
00bbac68_4816,
00bbac68_4817,
00bbac68_4818,
00bbac68_4819,
00bbac68_4820,
00bbac68_4821,
00bbac68_4822,
00bbac68_4823,
00bbac68_4824,
00bbac68_4825,
00bbac68_4826,
00bbac68_4827,
00bbac68_4828,
00bbac68_4829,
00bbac68_4830,
00bbac68_4831,
00bbac68_4832,
00bbac68_4833,
00bbac68_4834,
00bbac68_4835,
00bbac68_4836,
00bbac68_4837,
00bbac68_4838,
00bbac68_4839,
00bbac68_4840,
00bbac68_4841,
00bbac68_4842,
00bbac68_4843,
00bbac68_4844,
00bbac68_4845,
00bbac68_4846,
00bbac68_4847,
00bbac68_4848,
00bbac68_4849,
00bbac68_4850,
00bbac68_4851,
00bbac68_4852,
00bbac68_4853,
00bbac68_4854,
00bbac68_4855,
00bbac68_4856,
00bbac68_4857,
00bbac68_4858,
00bbac68_4859,
00bbac68_4860,
00bbac68_4861,
00bbac68_4862,
00bbac68_4863,
00bbac68_4864,
00bbac68_4865,
00bbac68_4866,
00bbac68_4867,
00bbac68_4868,
00bbac68_4869,
00bbac68_4870,
00bbac68_4871,
00bbac68_4872,
00bbac68_4873,
00bbac68_4874,
00bbac68_4875,
00bbac68_4876,
00bbac68_4877,
00bbac68_4878,
00bbac68_4879,
00bbac68_4880,
00bbac68_4881,
00bbac68_4882,
00bbac68_4883,
00bbac68_4884,
00bbac68_4885,
00bbac68_4886,
00bbac68_4887,
00bbac68_4888,
00bbac68_4889,
00bbac68_4890,
00bbac68_4891,
00bbac68_4892,
00bbac68_4893,
00bbac68_4894,
00bbac68_4895,
00bbac68_4896,
00bbac68_4897,
00bbac68_4898,
00bbac68_4899,
00bbac68_4900,
00bbac68_4901,
00bbac68_4902,
00bbac68_4903,
00bbac68_4904,
00bbac68_4905,
00bbac68_4906,
00bbac68_4907,
00bbac68_4908,
00bbac68_4909,
00bbac68_4910,
00bbac68_4911,
00bbac68_4912,
00bbac68_4913,
00bbac68_4914,
00bbac68_4915,
00bbac68_4916,
00bbac68_4917,
00bbac68_4918,
00bbac68_4919,
00bbac68_4920,
00bbac68_4921,
00bbac68_4922,
00bbac68_4923,
00bbac68_4924,
00bbac68_4925,
00bbac68_4926,
00bbac68_4927,
00bbac68_4928,
00bbac68_4929,
00bbac68_4930,
00bbac68_4931,
00bbac68_4932,
00bbac68_4933,
00bbac68_4934,
00bbac68_4935,
00bbac68_4936,
00bbac68_4937,
00bbac68_4938,
00bbac68_4939,
00bbac68_4940,
00bbac68_4941,
00bbac68_4942,
00bbac68_4943,
00bbac68_4944,
00bbac68_4945,
00bbac68_4946,
00bbac68_4947,
00bbac68_4948,
00bbac68_4949,
00bbac68_4950,
00bbac68_4951,
00bbac68_4952,
00bbac68_4953,
00bbac68_4954,
00bbac68_4955,
00bbac68_4956,
00bbac68_4957,
00bbac68_4958,
00bbac68_4959,
00bbac68_4960,
00bbac68_4961,
00bbac68_4962,
00bbac68_4963,
00bbac68_4964,
00bbac68_4965,
00bbac68_4966,
00bbac68_4967,
00bbac68_4968,
00bbac68_4969,
00bbac68_4970,
00bbac68_4971,
00bbac68_4972,
00bbac68_4973,
00bbac68_4974,
00bbac68_4975,
00bbac68_4976,
00bbac68_4977,
00bbac68_4978,
00bbac68_4979,
00bbac68_4980,
00bbac68_4981,
00bbac68_4982,
00bbac68_4983,
00bbac68_4984,
00bbac68_4985,
00bbac68_4986,
00bbac68_4987,
00bbac68_4988,
00bbac68_4989,
00bbac68_4990,
00bbac68_4991,
00bbac68_4992,
00bbac68_4993,
00bbac68_4994,
00bbac68_4995,
00bbac68_4996,
00bbac68_4997,
00bbac68_4998,
00bbac68_4999,
00bbac68_5000,
00bbac68_5001,
00bbac68_5002,
00bbac68_5003,
00bbac68_5004,
00bbac68_5005,
00bbac68_5006,
00bbac68_5007,
00bbac68_5008,
00bbac68_5009,
00bbac68_5010,
00bbac68_5011,
00bbac68_5012,
00bbac68_5013,
00bbac68_5014,
00bbac68_5015,
00bbac68_5016,
00bbac68_5017,
00bbac68_5018,
00bbac68_5019,
00bbac68_5020,
00bbac68_5021,
00bbac68_5022,
00bbac68_5023,
00bbac68_5024,
00bbac68_5025,
00bbac68_5026,
00bbac68_5027,
00bbac68_5028,
00bbac68_5029,
00bbac68_5030,
00bbac68_5031,
00bbac68_5032,
00bbac68_5033,
00bbac68_5034,
00bbac68_5035,
00bbac68_5036,
00bbac68_5037,
00bbac68_5038,
00bbac68_5039,
00bbac68_5040,
00bbac68_5041,
00bbac68_5042,
00bbac68_5043,
00bbac68_5044,
00bbac68_5045,
00bbac68_5046,
00bbac68_5047,
00bbac68_5048,
00bbac68_5049,
00bbac68_5050,
00bbac68_5051,
00bbac68_5052,
00bbac68_5053,
00bbac68_5054,
00bbac68_5055,
00bbac68_5056,
00bbac68_5057,
00bbac68_5058,
00bbac68_5059,
00bbac68_5060,
00bbac68_5061,
00bbac68_5062,
00bbac68_5063,
00bbac68_5064,
00bbac68_5065,
00bbac68_5066,
00bbac68_5067,
00bbac68_5068,
00bbac68_5069,
00bbac68_5070,
00bbac68_5071,
00bbac68_5072,
00bbac68_5073,
00bbac68_5074,
00bbac68_5075,
00bbac68_5076,
00bbac68_5077,
00bbac68_5078,
00bbac68_5079,
00bbac68_5080,
00bbac68_5081,
00bbac68_5082,
00bbac68_5083,
00bbac68_5084,
00bbac68_5085,
00bbac68_5086,
00bbac68_5087,
00bbac68_5088,
00bbac68_5089,
00bbac68_5090,
00bbac68_5091,
00bbac68_5092,
00bbac68_5093,
00bbac68_5094,
00bbac68_5095,
00bbac68_5096,
00bbac68_5097,
00bbac68_5098,
00bbac68_5099,
00bbac68_5100,
00bbac68_5101,
00bbac68_5102,
00bbac68_5103,
00bbac68_5104,
00bbac68_5105,
00bbac68_5106,
00bbac68_5107,
00bbac68_5108,
00bbac68_5109,
00bbac68_5110,
00bbac68_5111,
00bbac68_5112,
00bbac68_5113,
00bbac68_5114,
00bbac68_5115,
00bbac68_5116,
00bbac68_5117,
00bbac68_5118,
00bbac68_5119,
00bbac68_5120,
00bbac68_5121,
00bbac68_5122,
00bbac68_5123,
00bbac68_5124,
00bbac68_5125,
00bbac68_5126,
00bbac68_5127,
00bbac68_5128,
00bbac68_5129,
00bbac68_5130,
00bbac68_5131,
00bbac68_5132,
00bbac68_5133,
00bbac68_5134,
00bbac68_5135,
00bbac68_5136,
00bbac68_5137,
00bbac68_5138,
00bbac68_5139,
00bbac68_5140,
00bbac68_5141,
00bbac68_5142,
00bbac68_5143,
00bbac68_5144,
00bbac68_5145,
00bbac68_5146,
00bbac68_5147,
00bbac68_5148,
00bbac68_5149,
00bbac68_5150,
00bbac68_5151,
00bbac68_5152,
00bbac68_5153,
00bbac68_5154,
00bbac68_5155,
00bbac68_5156,
00bbac68_5157,
00bbac68_5158,
00bbac68_5159,
00bbac68_5160,
00bbac68_5161,
00bbac68_5162,
00bbac68_5163,
00bbac68_5164,
00bbac68_5165,
00bbac68_5166,
00bbac68_5167,
00bbac68_5168,
00bbac68_5169,
00bbac68_5170,
00bbac68_5171,
00bbac68_5172,
00bbac68_5173,
00bbac68_5174,
00bbac68_5175,
00bbac68_5176,
00bbac68_5177,
00bbac68_5178,
00bbac68_5179,
00bbac68_5180,
00bbac68_5181,
00bbac68_5182,
00bbac68_5183,
00bbac68_5184,
00bbac68_5185,
00bbac68_5186,
00bbac68_5187,
00bbac68_5188,
00bbac68_5189,
00bbac68_5190,
00bbac68_5191,
00bbac68_5192,
00bbac68_5193,
00bbac68_5194,
00bbac68_5195,
00bbac68_5196,
00bbac68_5197,
00bbac68_5198,
00bbac68_5199,
00bbac68_5200,
00bbac68_5201,
00bbac68_5202,
00bbac68_5203,
00bbac68_5204,
00bbac68_5205,
00bbac68_5206,
00bbac68_5207,
00bbac68_5208,
00bbac68_5209,
00bbac68_5210,
00bbac68_5211,
00bbac68_5212,
00bbac68_5213,
00bbac68_5214,
00bbac68_5215,
00bbac68_5216,
00bbac68_5217,
00bbac68_5218,
00bbac68_5219,
00bbac68_5220,
00bbac68_5221,
00bbac68_5222,
00bbac68_5223,
00bbac68_5224,
00bbac68_5225,
00bbac68_5226,
00bbac68_5227,
00bbac68_5228,
00bbac68_5229,
00bbac68_5230,
00bbac68_5231,
00bbac68_5232,
00bbac68_5233,
00bbac68_5234,
00bbac68_5235,
00bbac68_5236,
00bbac68_5237,
00bbac68_5238,
00bbac68_5239,
00bbac68_5240,
00bbac68_5241,
00bbac68_5242,
00bbac68_5243,
00bbac68_5244,
00bbac68_5245,
00bbac68_5246,
00bbac68_5247,
00bbac68_5248,
00bbac68_5249,
00bbac68_5250,
00bbac68_5251,
00bbac68_5252,
00bbac68_5253,
00bbac68_5254,
00bbac68_5255,
00bbac68_5256,
00bbac68_5257,
00bbac68_5258,
00bbac68_5259,
00bbac68_5260,
00bbac68_5261,
00bbac68_5262,
00bbac68_5263,
00bbac68_5264,
00bbac68_5265,
00bbac68_5266,
00bbac68_5267,
00bbac68_5268,
00bbac68_5269,
00bbac68_5270,
00bbac68_5271,
00bbac68_5272,
00bbac68_5273,
00bbac68_5274,
00bbac68_5275,
00bbac68_5276,
00bbac68_5277,
00bbac68_5278,
00bbac68_5279,
00bbac68_5280,
00bbac68_5281,
00bbac68_5282,
00bbac68_5283,
00bbac68_5284,
00bbac68_5285,
00bbac68_5286,
00bbac68_5287,
00bbac68_5288,
00bbac68_5289,
00bbac68_5290,
00bbac68_5291,
00bbac68_5292,
00bbac68_5293,
00bbac68_5294,
00bbac68_5295,
00bbac68_5296,
00bbac68_5297,
00bbac68_5298,
00bbac68_5299,
00bbac68_5300,
00bbac68_5301,
00bbac68_5302,
00bbac68_5303,
00bbac68_5304,
00bbac68_5305,
00bbac68_5306,
00bbac68_5307,
00bbac68_5308,
00bbac68_5309,
00bbac68_5310,
00bbac68_5311,
00bbac68_5312,
00bbac68_5313,
00bbac68_5314,
00bbac68_5315,
00bbac68_5316,
00bbac68_5317,
00bbac68_5318,
00bbac68_5319,
00bbac68_5320,
00bbac68_5321,
00bbac68_5322,
00bbac68_5323,
00bbac68_5324,
00bbac68_5325,
00bbac68_5326,
00bbac68_5327,
00bbac68_5328,
00bbac68_5329,
00bbac68_5330,
00bbac68_5331,
00bbac68_5332,
00bbac68_5333,
00bbac68_5334,
00bbac68_5335,
00bbac68_5336,
00bbac68_5337,
00bbac68_5338,
00bbac68_5339,
00bbac68_5340,
00bbac68_5341,
00bbac68_5342,
00bbac68_5343,
00bbac68_5344,
00bbac68_5345,
00bbac68_5346,
00bbac68_5347,
00bbac68_5348,
00bbac68_5349,
00bbac68_5350,
00bbac68_5351,
00bbac68_5352,
00bbac68_5353,
00bbac68_5354,
00bbac68_5355,
00bbac68_5356,
00bbac68_5357,
00bbac68_5358,
00bbac68_5359,
00bbac68_5360,
00bbac68_5361,
00bbac68_5362,
00bbac68_5363,
00bbac68_5364,
00bbac68_5365,
00bbac68_5366,
00bbac68_5367,
00bbac68_5368,
00bbac68_5369,
00bbac68_5370,
00bbac68_5371,
00bbac68_5372,
00bbac68_5373,
00bbac68_5374,
00bbac68_5375,
00bbac68_5376,
00bbac68_5377,
00bbac68_5378,
00bbac68_5379,
00bbac68_5380,
00bbac68_5381,
00bbac68_5382,
00bbac68_5383,
00bbac68_5384,
00bbac68_5385,
00bbac68_5386,
00bbac68_5387,
00bbac68_5388,
00bbac68_5389,
00bbac68_5390,
00bbac68_5391,
00bbac68_5392,
00bbac68_5393,
00bbac68_5394,
00bbac68_5395,
00bbac68_5396,
00bbac68_5397,
00bbac68_5398,
00bbac68_5399,
00bbac68_5400,
00bbac68_5401,
00bbac68_5402,
00bbac68_5403,
00bbac68_5404,
00bbac68_5405,
00bbac68_5406,
00bbac68_5407,
00bbac68_5408,
00bbac68_5409,
00bbac68_5410,
00bbac68_5411,
00bbac68_5412,
00bbac68_5413,
00bbac68_5414,
00bbac68_5415,
00bbac68_5416,
00bbac68_5417,
00bbac68_5418,
00bbac68_5419,
00bbac68_5420,
00bbac68_5421,
00bbac68_5422,
00bbac68_5423,
00bbac68_5424,
00bbac68_5425,
00bbac68_5426,
00bbac68_5427,
00bbac68_5428,
00bbac68_5429,
00bbac68_5430,
00bbac68_5431,
00bbac68_5432,
00bbac68_5433,
00bbac68_5434,
00bbac68_5435,
00bbac68_5436,
00bbac68_5437,
00bbac68_5438,
00bbac68_5439,
00bbac68_5440,
00bbac68_5441,
00bbac68_5442,
00bbac68_5443,
00bbac68_5444,
00bbac68_5445,
00bbac68_5446,
00bbac68_5447,
00bbac68_5448,
00bbac68_5449,
00bbac68_5450,
00bbac68_5451,
00bbac68_5452,
00bbac68_5453,
00bbac68_5454,
00bbac68_5455,
00bbac68_5456,
00bbac68_5457,
00bbac68_5458,
00bbac68_5459,
00bbac68_5460,
00bbac68_5461,
00bbac68_5462,
00bbac68_5463,
00bbac68_5464,
00bbac68_5465,
00bbac68_5466,
00bbac68_5467,
00bbac68_5468,
00bbac68_5469,
00bbac68_5470,
00bbac68_5471,
00bbac68_5472,
00bbac68_5473,
00bbac68_5474,
00bbac68_5475,
00bbac68_5476,
00bbac68_5477,
00bbac68_5478,
00bbac68_5479,
00bbac68_5480,
00bbac68_5481,
00bbac68_5482,
00bbac68_5483,
00bbac68_5484,
00bbac68_5485,
00bbac68_5486,
00bbac68_5487,
00bbac68_5488,
00bbac68_5489,
00bbac68_5490,
00bbac68_5491,
00bbac68_5492,
00bbac68_5493,
00bbac68_5494,
00bbac68_5495,
00bbac68_5496,
00bbac68_5497,
00bbac68_5498,
00bbac68_5499,
00bbac68_5500,
00bbac68_5501,
00bbac68_5502,
00bbac68_5503,
00bbac68_5504,
00bbac68_5505,
00bbac68_5506,
00bbac68_5507,
00bbac68_5508,
00bbac68_5509,
00bbac68_5510,
00bbac68_5511,
00bbac68_5512,
00bbac68_5513,
00bbac68_5514,
00bbac68_5515,
00bbac68_5516,
00bbac68_5517,
00bbac68_5518,
00bbac68_5519,
00bbac68_5520,
00bbac68_5521,
00bbac68_5522,
00bbac68_5523,
00bbac68_5524,
00bbac68_5525,
00bbac68_5526,
00bbac68_5527,
00bbac68_5528,
00bbac68_5529,
00bbac68_5530,
00bbac68_5531,
00bbac68_5532,
00bbac68_5533,
00bbac68_5534,
00bbac68_5535,
00bbac68_5536,
00bbac68_5537,
00bbac68_5538,
00bbac68_5539,
00bbac68_5540,
00bbac68_5541,
00bbac68_5542,
00bbac68_5543,
00bbac68_5544,
00bbac68_5545,
00bbac68_5546,
00bbac68_5547,
00bbac68_5548,
00bbac68_5549,
00bbac68_5550,
00bbac68_5551,
00bbac68_5552,
00bbac68_5553,
00bbac68_5554,
00bbac68_5555,
00bbac68_5556,
00bbac68_5557,
00bbac68_5558,
00bbac68_5559,
00bbac68_5560,
00bbac68_5561,
00bbac68_5562,
00bbac68_5563,
00bbac68_5564,
00bbac68_5565,
00bbac68_5566,
00bbac68_5567,
00bbac68_5568,
00bbac68_5569,
00bbac68_5570,
00bbac68_5571,
00bbac68_5572,
00bbac68_5573,
00bbac68_5574,
00bbac68_5575,
00bbac68_5576,
00bbac68_5577,
00bbac68_5578,
00bbac68_5579,
00bbac68_5580,
00bbac68_5581,
00bbac68_5582,
00bbac68_5583,
00bbac68_5584,
00bbac68_5585,
00bbac68_5586,
00bbac68_5587,
00bbac68_5588,
00bbac68_5589,
00bbac68_5590,
00bbac68_5591,
00bbac68_5592,
00bbac68_5593,
00bbac68_5594,
00bbac68_5595,
00bbac68_5596,
00bbac68_5597,
00bbac68_5598,
00bbac68_5599,
00bbac68_5600,
00bbac68_5601,
00bbac68_5602,
00bbac68_5603,
00bbac68_5604,
00bbac68_5605,
00bbac68_5606,
00bbac68_5607,
00bbac68_5608,
00bbac68_5609,
00bbac68_5610,
00bbac68_5611,
00bbac68_5612,
00bbac68_5613,
00bbac68_5614,
00bbac68_5615,
00bbac68_5616,
00bbac68_5617,
00bbac68_5618,
00bbac68_5619,
00bbac68_5620,
00bbac68_5621,
00bbac68_5622,
00bbac68_5623,
00bbac68_5624,
00bbac68_5625,
00bbac68_5626,
00bbac68_5627,
00bbac68_5628,
00bbac68_5629,
00bbac68_5630,
00bbac68_5631,
00bbac68_5632,
00bbac68_5633,
00bbac68_5634,
00bbac68_5635,
00bbac68_5636,
00bbac68_5637,
00bbac68_5638,
00bbac68_5639,
00bbac68_5640,
00bbac68_5641,
00bbac68_5642,
00bbac68_5643,
00bbac68_5644,
00bbac68_5645,
00bbac68_5646,
00bbac68_5647,
00bbac68_5648,
00bbac68_5649,
00bbac68_5650,
00bbac68_5651,
00bbac68_5652,
00bbac68_5653,
00bbac68_5654,
00bbac68_5655,
00bbac68_5656,
00bbac68_5657,
00bbac68_5658,
00bbac68_5659,
00bbac68_5660,
00bbac68_5661,
00bbac68_5662,
00bbac68_5663,
00bbac68_5664,
00bbac68_5665,
00bbac68_5666,
00bbac68_5667,
00bbac68_5668,
00bbac68_5669,
00bbac68_5670,
00bbac68_5671,
00bbac68_5672,
00bbac68_5673,
00bbac68_5674,
00bbac68_5675,
00bbac68_5676,
00bbac68_5677,
00bbac68_5678,
00bbac68_5679,
00bbac68_5680,
00bbac68_5681,
00bbac68_5682,
00bbac68_5683,
00bbac68_5684,
00bbac68_5685,
00bbac68_5686,
00bbac68_5687,
00bbac68_5688,
00bbac68_5689,
00bbac68_5690,
00bbac68_5691,
00bbac68_5692,
00bbac68_5693,
00bbac68_5694,
00bbac68_5695,
00bbac68_5696,
00bbac68_5697,
00bbac68_5698,
00bbac68_5699,
00bbac68_5700,
00bbac68_5701,
00bbac68_5702,
00bbac68_5703,
00bbac68_5704,
00bbac68_5705,
00bbac68_5706,
00bbac68_5707,
00bbac68_5708,
00bbac68_5709,
00bbac68_5710,
00bbac68_5711,
00bbac68_5712,
00bbac68_5713,
00bbac68_5714,
00bbac68_5715,
00bbac68_5716,
00bbac68_5717,
00bbac68_5718,
00bbac68_5719,
00bbac68_5720,
00bbac68_5721,
00bbac68_5722,
00bbac68_5723,
00bbac68_5724,
00bbac68_5725,
00bbac68_5726,
00bbac68_5727,
00bbac68_5728,
00bbac68_5729,
00bbac68_5730,
00bbac68_5731,
00bbac68_5732,
00bbac68_5733,
00bbac68_5734,
00bbac68_5735,
00bbac68_5736,
00bbac68_5737,
00bbac68_5738,
00bbac68_5739,
00bbac68_5740,
00bbac68_5741,
00bbac68_5742,
00bbac68_5743,
00bbac68_5744,
00bbac68_5745,
00bbac68_5746,
00bbac68_5747,
00bbac68_5748,
00bbac68_5749,
00bbac68_5750,
00bbac68_5751,
00bbac68_5752,
00bbac68_5753,
00bbac68_5754,
00bbac68_5755,
00bbac68_5756,
00bbac68_5757,
00bbac68_5758,
00bbac68_5759,
00bbac68_5760,
00bbac68_5761,
00bbac68_5762,
00bbac68_5763,
00bbac68_5764,
00bbac68_5765,
00bbac68_5766,
00bbac68_5767,
00bbac68_5768,
00bbac68_5769,
00bbac68_5770,
00bbac68_5771,
00bbac68_5772,
00bbac68_5773,
00bbac68_5774,
00bbac68_5775,
00bbac68_5776,
00bbac68_5777,
00bbac68_5778,
00bbac68_5779,
00bbac68_5780,
00bbac68_5781,
00bbac68_5782,
00bbac68_5783,
00bbac68_5784,
00bbac68_5785,
00bbac68_5786,
00bbac68_5787,
00bbac68_5788,
00bbac68_5789,
00bbac68_5790,
00bbac68_5791,
00bbac68_5792,
00bbac68_5793,
00bbac68_5794,
00bbac68_5795,
00bbac68_5796,
00bbac68_5797,
00bbac68_5798,
00bbac68_5799,
00bbac68_5800,
00bbac68_5801,
00bbac68_5802,
00bbac68_5803,
00bbac68_5804,
00bbac68_5805,
00bbac68_5806,
00bbac68_5807,
00bbac68_5808,
00bbac68_5809,
00bbac68_5810,
00bbac68_5811,
00bbac68_5812,
00bbac68_5813,
00bbac68_5814,
00bbac68_5815,
00bbac68_5816,
00bbac68_5817,
00bbac68_5818,
00bbac68_5819,
00bbac68_5820,
00bbac68_5821,
00bbac68_5822,
00bbac68_5823,
00bbac68_5824,
00bbac68_5825,
00bbac68_5826,
00bbac68_5827,
00bbac68_5828,
00bbac68_5829,
00bbac68_5830,
00bbac68_5831,
00bbac68_5832,
00bbac68_5833,
00bbac68_5834,
00bbac68_5835,
00bbac68_5836,
00bbac68_5837,
00bbac68_5838,
00bbac68_5839,
00bbac68_5840,
00bbac68_5841,
00bbac68_5842,
00bbac68_5843,
00bbac68_5844,
00bbac68_5845,
00bbac68_5846,
00bbac68_5847,
00bbac68_5848,
00bbac68_5849,
00bbac68_5850,
00bbac68_5851,
00bbac68_5852,
00bbac68_5853,
00bbac68_5854,
00bbac68_5855,
00bbac68_5856,
00bbac68_5857,
00bbac68_5858,
00bbac68_5859,
00bbac68_5860,
00bbac68_5861,
00bbac68_5862,
00bbac68_5863,
00bbac68_5864,
00bbac68_5865,
00bbac68_5866,
00bbac68_5867,
00bbac68_5868,
00bbac68_5869,
00bbac68_5870,
00bbac68_5871,
00bbac68_5872,
00bbac68_5873,
00bbac68_5874,
00bbac68_5875,
00bbac68_5876,
00bbac68_5877,
00bbac68_5878,
00bbac68_5879,
00bbac68_5880,
00bbac68_5881,
00bbac68_5882,
00bbac68_5883,
00bbac68_5884,
00bbac68_5885,
00bbac68_5886,
00bbac68_5887,
00bbac68_5888,
00bbac68_5889,
00bbac68_5890,
00bbac68_5891,
00bbac68_5892,
00bbac68_5893,
00bbac68_5894,
00bbac68_5895,
00bbac68_5896,
00bbac68_5897,
00bbac68_5898,
00bbac68_5899,
00bbac68_5900,
00bbac68_5901,
00bbac68_5902,
00bbac68_5903,
00bbac68_5904,
00bbac68_5905,
00bbac68_5906,
00bbac68_5907,
00bbac68_5908,
00bbac68_5909,
00bbac68_5910,
00bbac68_5911,
00bbac68_5912,
00bbac68_5913,
00bbac68_5914,
00bbac68_5915,
00bbac68_5916,
00bbac68_5917,
00bbac68_5918,
00bbac68_5919,
00bbac68_5920,
00bbac68_5921,
00bbac68_5922,
00bbac68_5923,
00bbac68_5924,
00bbac68_5925,
00bbac68_5926,
00bbac68_5927,
00bbac68_5928,
00bbac68_5929,
00bbac68_5930,
00bbac68_5931,
00bbac68_5932,
00bbac68_5933,
00bbac68_5934,
00bbac68_5935,
00bbac68_5936,
00bbac68_5937,
00bbac68_5938,
00bbac68_5939,
00bbac68_5940,
00bbac68_5941,
00bbac68_5942,
00bbac68_5943,
00bbac68_5944,
00bbac68_5945,
00bbac68_5946,
00bbac68_5947,
00bbac68_5948,
00bbac68_5949,
00bbac68_5950,
00bbac68_5951,
00bbac68_5952,
00bbac68_5953,
00bbac68_5954,
00bbac68_5955,
00bbac68_5956,
00bbac68_5957,
00bbac68_5958,
00bbac68_5959,
00bbac68_5960,
00bbac68_5961,
00bbac68_5962,
00bbac68_5963,
00bbac68_5964,
00bbac68_5965,
00bbac68_5966,
00bbac68_5967,
00bbac68_5968,
00bbac68_5969,
00bbac68_5970,
00bbac68_5971,
00bbac68_5972,
00bbac68_5973,
00bbac68_5974,
00bbac68_5975,
00bbac68_5976,
00bbac68_5977,
00bbac68_5978,
00bbac68_5979,
00bbac68_5980,
00bbac68_5981,
00bbac68_5982,
00bbac68_5983,
00bbac68_5984,
00bbac68_5985,
00bbac68_5986,
00bbac68_5987,
00bbac68_5988,
00bbac68_5989,
00bbac68_5990,
00bbac68_5991,
00bbac68_5992,
00bbac68_5993,
00bbac68_5994,
00bbac68_5995,
00bbac68_5996,
00bbac68_5997,
00bbac68_5998,
00bbac68_5999,
00bbac68_6000,
00bbac68_6001,
00bbac68_6002,
00bbac68_6003,
00bbac68_6004,
00bbac68_6005,
00bbac68_6006,
00bbac68_6007,
00bbac68_6008,
00bbac68_6009,
00bbac68_6010,
00bbac68_6011,
00bbac68_6012,
00bbac68_6013,
00bbac68_6014,
00bbac68_6015,
00bbac68_6016,
00bbac68_6017,
00bbac68_6018,
00bbac68_6019,
00bbac68_6020,
00bbac68_6021,
00bbac68_6022,
00bbac68_6023,
00bbac68_6024,
00bbac68_6025,
00bbac68_6026,
00bbac68_6027,
00bbac68_6028,
00bbac68_6029,
00bbac68_6030,
00bbac68_6031,
00bbac68_6032,
00bbac68_6033,
00bbac68_6034,
00bbac68_6035,
00bbac68_6036,
00bbac68_6037,
00bbac68_6038,
00bbac68_6039,
00bbac68_6040,
00bbac68_6041,
00bbac68_6042,
00bbac68_6043,
00bbac68_6044,
00bbac68_6045,
00bbac68_6046,
00bbac68_6047,
00bbac68_6048,
00bbac68_6049,
00bbac68_6050,
00bbac68_6051,
00bbac68_6052,
00bbac68_6053,
00bbac68_6054,
00bbac68_6055,
00bbac68_6056,
00bbac68_6057,
00bbac68_6058,
00bbac68_6059,
00bbac68_6060,
00bbac68_6061,
00bbac68_6062,
00bbac68_6063,
00bbac68_6064,
00bbac68_6065,
00bbac68_6066,
00bbac68_6067,
00bbac68_6068,
00bbac68_6069,
00bbac68_6070,
00bbac68_6071,
00bbac68_6072,
00bbac68_6073,
00bbac68_6074,
00bbac68_6075,
00bbac68_6076,
00bbac68_6077,
00bbac68_6078,
00bbac68_6079,
00bbac68_6080,
00bbac68_6081,
00bbac68_6082,
00bbac68_6083,
00bbac68_6084,
00bbac68_6085,
00bbac68_6086,
00bbac68_6087,
00bbac68_6088,
00bbac68_6089,
00bbac68_6090,
00bbac68_6091,
00bbac68_6092,
00bbac68_6093,
00bbac68_6094,
00bbac68_6095,
00bbac68_6096,
00bbac68_6097,
00bbac68_6098,
00bbac68_6099,
00bbac68_6100,
00bbac68_6101,
00bbac68_6102,
00bbac68_6103,
00bbac68_6104,
00bbac68_6105,
00bbac68_6106,
00bbac68_6107,
00bbac68_6108,
00bbac68_6109,
00bbac68_6110,
00bbac68_6111,
00bbac68_6112,
00bbac68_6113,
00bbac68_6114,
00bbac68_6115,
00bbac68_6116,
00bbac68_6117,
00bbac68_6118,
00bbac68_6119,
00bbac68_6120,
00bbac68_6121,
00bbac68_6122,
00bbac68_6123,
00bbac68_6124,
00bbac68_6125,
00bbac68_6126,
00bbac68_6127,
00bbac68_6128,
00bbac68_6129,
00bbac68_6130,
00bbac68_6131,
00bbac68_6132,
00bbac68_6133,
00bbac68_6134,
00bbac68_6135,
00bbac68_6136,
00bbac68_6137,
00bbac68_6138,
00bbac68_6139,
00bbac68_6140,
00bbac68_6141,
00bbac68_6142,
00bbac68_6143,
00bbac68_6144,
00bbac68_6145,
00bbac68_6146,
00bbac68_6147,
00bbac68_6148,
00bbac68_6149,
00bbac68_6150,
00bbac68_6151,
00bbac68_6152,
00bbac68_6153,
00bbac68_6154,
00bbac68_6155,
00bbac68_6156,
00bbac68_6157,
00bbac68_6158,
00bbac68_6159,
00bbac68_6160,
00bbac68_6161,
00bbac68_6162,
00bbac68_6163,
00bbac68_6164,
00bbac68_6165,
00bbac68_6166,
00bbac68_6167,
00bbac68_6168,
00bbac68_6169,
00bbac68_6170,
00bbac68_6171,
00bbac68_6172,
00bbac68_6173,
00bbac68_6174,
00bbac68_6175,
00bbac68_6176,
00bbac68_6177,
00bbac68_6178,
00bbac68_6179,
00bbac68_6180,
00bbac68_6181,
00bbac68_6182,
00bbac68_6183,
00bbac68_6184,
00bbac68_6185,
00bbac68_6186,
00bbac68_6187,
00bbac68_6188,
00bbac68_6189,
00bbac68_6190,
00bbac68_6191,
00bbac68_6192,
00bbac68_6193,
00bbac68_6194,
00bbac68_6195,
00bbac68_6196,
00bbac68_6197,
00bbac68_6198,
00bbac68_6199,
00bbac68_6200,
00bbac68_6201,
00bbac68_6202,
00bbac68_6203,
00bbac68_6204,
00bbac68_6205,
00bbac68_6206,
00bbac68_6207,
00bbac68_6208,
00bbac68_6209,
00bbac68_6210,
00bbac68_6211,
00bbac68_6212,
00bbac68_6213,
00bbac68_6214,
00bbac68_6215,
00bbac68_6216,
00bbac68_6217,
00bbac68_6218,
00bbac68_6219,
00bbac68_6220,
00bbac68_6221,
00bbac68_6222,
00bbac68_6223,
00bbac68_6224,
00bbac68_6225,
00bbac68_6226,
00bbac68_6227,
00bbac68_6228,
00bbac68_6229,
00bbac68_6230,
00bbac68_6231,
00bbac68_6232,
00bbac68_6233,
00bbac68_6234,
00bbac68_6235,
00bbac68_6236,
00bbac68_6237,
00bbac68_6238,
00bbac68_6239,
00bbac68_6240,
00bbac68_6241,
00bbac68_6242,
00bbac68_6243,
00bbac68_6244,
00bbac68_6245,
00bbac68_6246,
00bbac68_6247,
00bbac68_6248,
00bbac68_6249,
00bbac68_6250,
00bbac68_6251,
00bbac68_6252,
00bbac68_6253,
00bbac68_6254,
00bbac68_6255,
00bbac68_6256,
00bbac68_6257,
00bbac68_6258,
00bbac68_6259,
00bbac68_6260,
00bbac68_6261,
00bbac68_6262,
00bbac68_6263,
00bbac68_6264,
00bbac68_6265,
00bbac68_6266,
00bbac68_6267,
00bbac68_6268,
00bbac68_6269,
00bbac68_6270,
00bbac68_6271,
00bbac68_6272,
00bbac68_6273,
00bbac68_6274,
00bbac68_6275,
00bbac68_6276,
00bbac68_6277,
00bbac68_6278,
00bbac68_6279,
00bbac68_6280,
00bbac68_6281,
00bbac68_6282,
00bbac68_6283,
00bbac68_6284,
00bbac68_6285,
00bbac68_6286,
00bbac68_6287,
00bbac68_6288,
00bbac68_6289,
00bbac68_6290,
00bbac68_6291,
00bbac68_6292,
00bbac68_6293,
00bbac68_6294,
00bbac68_6295,
00bbac68_6296,
00bbac68_6297,
00bbac68_6298,
00bbac68_6299,
00bbac68_6300,
00bbac68_6301,
00bbac68_6302,
00bbac68_6303,
00bbac68_6304,
00bbac68_6305,
00bbac68_6306,
00bbac68_6307,
00bbac68_6308,
00bbac68_6309,
00bbac68_6310,
00bbac68_6311,
00bbac68_6312,
00bbac68_6313,
00bbac68_6314,
00bbac68_6315,
00bbac68_6316,
00bbac68_6317,
00bbac68_6318,
00bbac68_6319,
00bbac68_6320,
00bbac68_6321,
00bbac68_6322,
00bbac68_6323,
00bbac68_6324,
00bbac68_6325,
00bbac68_6326,
00bbac68_6327,
00bbac68_6328,
00bbac68_6329,
00bbac68_6330,
00bbac68_6331,
00bbac68_6332,
00bbac68_6333,
00bbac68_6334,
00bbac68_6335,
00bbac68_6336,
00bbac68_6337,
00bbac68_6338,
00bbac68_6339,
00bbac68_6340,
00bbac68_6341,
00bbac68_6342,
00bbac68_6343,
00bbac68_6344,
00bbac68_6345,
00bbac68_6346,
00bbac68_6347,
00bbac68_6348,
00bbac68_6349,
00bbac68_6350,
00bbac68_6351,
00bbac68_6352,
00bbac68_6353,
00bbac68_6354,
00bbac68_6355,
00bbac68_6356,
00bbac68_6357,
00bbac68_6358,
00bbac68_6359,
00bbac68_6360,
00bbac68_6361,
00bbac68_6362,
00bbac68_6363,
00bbac68_6364,
00bbac68_6365,
00bbac68_6366,
00bbac68_6367,
00bbac68_6368,
00bbac68_6369,
00bbac68_6370,
00bbac68_6371,
00bbac68_6372,
00bbac68_6373,
00bbac68_6374,
00bbac68_6375,
00bbac68_6376,
00bbac68_6377,
00bbac68_6378,
00bbac68_6379,
00bbac68_6380,
00bbac68_6381,
00bbac68_6382,
00bbac68_6383,
00bbac68_6384,
00bbac68_6385,
00bbac68_6386,
00bbac68_6387,
00bbac68_6388,
00bbac68_6389,
00bbac68_6390,
00bbac68_6391,
00bbac68_6392,
00bbac68_6393,
00bbac68_6394,
00bbac68_6395,
00bbac68_6396,
00bbac68_6397,
00bbac68_6398,
00bbac68_6399,
00bbac68_6400,
00bbac68_6401,
00bbac68_6402,
00bbac68_6403,
00bbac68_6404,
00bbac68_6405,
00bbac68_6406,
00bbac68_6407,
00bbac68_6408,
00bbac68_6409,
00bbac68_6410,
00bbac68_6411,
00bbac68_6412,
00bbac68_6413,
00bbac68_6414,
00bbac68_6415,
00bbac68_6416,
00bbac68_6417,
00bbac68_6418,
00bbac68_6419,
00bbac68_6420,
00bbac68_6421,
00bbac68_6422,
00bbac68_6423,
00bbac68_6424,
00bbac68_6425,
00bbac68_6426,
00bbac68_6427,
00bbac68_6428,
00bbac68_6429,
00bbac68_6430,
00bbac68_6431,
00bbac68_6432,
00bbac68_6433,
00bbac68_6434,
00bbac68_6435,
00bbac68_6436,
00bbac68_6437,
00bbac68_6438,
00bbac68_6439,
00bbac68_6440,
00bbac68_6441,
00bbac68_6442,
00bbac68_6443,
00bbac68_6444,
00bbac68_6445,
00bbac68_6446,
00bbac68_6447,
00bbac68_6448,
00bbac68_6449,
00bbac68_6450,
00bbac68_6451,
00bbac68_6452,
00bbac68_6453,
00bbac68_6454,
00bbac68_6455,
00bbac68_6456,
00bbac68_6457,
00bbac68_6458,
00bbac68_6459,
00bbac68_6460,
00bbac68_6461,
00bbac68_6462,
00bbac68_6463,
00bbac68_6464,
00bbac68_6465,
00bbac68_6466,
00bbac68_6467,
00bbac68_6468,
00bbac68_6469,
00bbac68_6470,
00bbac68_6471,
00bbac68_6472,
00bbac68_6473,
00bbac68_6474,
00bbac68_6475,
00bbac68_6476,
00bbac68_6477,
00bbac68_6478,
00bbac68_6479,
00bbac68_6480,
00bbac68_6481,
00bbac68_6482,
00bbac68_6483,
00bbac68_6484,
00bbac68_6485,
00bbac68_6486,
00bbac68_6487,
00bbac68_6488,
00bbac68_6489,
00bbac68_6490,
00bbac68_6491,
00bbac68_6492,
00bbac68_6493,
00bbac68_6494,
00bbac68_6495,
00bbac68_6496,
00bbac68_6497,
00bbac68_6498,
00bbac68_6499,
00bbac68_6500,
00bbac68_6501,
00bbac68_6502,
00bbac68_6503,
00bbac68_6504,
00bbac68_6505,
00bbac68_6506,
00bbac68_6507,
00bbac68_6508,
00bbac68_6509,
00bbac68_6510,
00bbac68_6511,
00bbac68_6512,
00bbac68_6513,
00bbac68_6514,
00bbac68_6515,
00bbac68_6516,
00bbac68_6517,
00bbac68_6518,
00bbac68_6519,
00bbac68_6520,
00bbac68_6521,
00bbac68_6522,
00bbac68_6523,
00bbac68_6524,
00bbac68_6525,
00bbac68_6526,
00bbac68_6527,
00bbac68_6528,
00bbac68_6529,
00bbac68_6530,
00bbac68_6531,
00bbac68_6532,
00bbac68_6533,
00bbac68_6534,
00bbac68_6535,
00bbac68_6536,
00bbac68_6537,
00bbac68_6538,
00bbac68_6539,
00bbac68_6540,
00bbac68_6541,
00bbac68_6542,
00bbac68_6543,
00bbac68_6544,
00bbac68_6545,
00bbac68_6546,
00bbac68_6547,
00bbac68_6548,
00bbac68_6549,
00bbac68_6550,
00bbac68_6551,
00bbac68_6552,
00bbac68_6553,
00bbac68_6554,
00bbac68_6555,
00bbac68_6556,
00bbac68_6557,
00bbac68_6558,
00bbac68_6559,
00bbac68_6560,
00bbac68_6561,
00bbac68_6562,
00bbac68_6563,
00bbac68_6564,
00bbac68_6565,
00bbac68_6566,
00bbac68_6567,
00bbac68_6568,
00bbac68_6569,
00bbac68_6570,
00bbac68_6571,
00bbac68_6572,
00bbac68_6573,
00bbac68_6574,
00bbac68_6575,
00bbac68_6576,
00bbac68_6577,
00bbac68_6578,
00bbac68_6579,
00bbac68_6580,
00bbac68_6581,
00bbac68_6582,
00bbac68_6583,
00bbac68_6584,
00bbac68_6585,
00bbac68_6586,
00bbac68_6587,
00bbac68_6588,
00bbac68_6589,
00bbac68_6590,
00bbac68_6591,
00bbac68_6592,
00bbac68_6593,
00bbac68_6594,
00bbac68_6595,
00bbac68_6596,
00bbac68_6597,
00bbac68_6598,
00bbac68_6599,
00bbac68_6600,
00bbac68_6601,
00bbac68_6602,
00bbac68_6603,
00bbac68_6604,
00bbac68_6605,
00bbac68_6606,
00bbac68_6607,
00bbac68_6608,
00bbac68_6609,
00bbac68_6610,
00bbac68_6611,
00bbac68_6612,
00bbac68_6613,
00bbac68_6614,
00bbac68_6615,
00bbac68_6616,
00bbac68_6617,
00bbac68_6618,
00bbac68_6619,
00bbac68_6620,
00bbac68_6621,
00bbac68_6622,
00bbac68_6623,
00bbac68_6624,
00bbac68_6625,
00bbac68_6626,
00bbac68_6627,
00bbac68_6628,
00bbac68_6629,
00bbac68_6630,
00bbac68_6631,
00bbac68_6632,
00bbac68_6633,
00bbac68_6634,
00bbac68_6635,
00bbac68_6636,
00bbac68_6637,
00bbac68_6638,
00bbac68_6639,
00bbac68_6640,
00bbac68_6641,
00bbac68_6642,
00bbac68_6643,
00bbac68_6644,
00bbac68_6645,
00bbac68_6646,
00bbac68_6647,
00bbac68_6648,
00bbac68_6649,
00bbac68_6650,
00bbac68_6651,
00bbac68_6652,
00bbac68_6653,
00bbac68_6654,
00bbac68_6655,
00bbac68_6656,
00bbac68_6657,
00bbac68_6658,
00bbac68_6659,
00bbac68_6660,
00bbac68_6661,
00bbac68_6662,
00bbac68_6663,
00bbac68_6664,
00bbac68_6665,
00bbac68_6666,
00bbac68_6667,
00bbac68_6668,
00bbac68_6669,
00bbac68_6670,
00bbac68_6671,
00bbac68_6672,
00bbac68_6673,
00bbac68_6674,
00bbac68_6675,
00bbac68_6676,
00bbac68_6677,
00bbac68_6678,
00bbac68_6679,
00bbac68_6680,
00bbac68_6681,
00bbac68_6682,
00bbac68_6683,
00bbac68_6684,
00bbac68_6685,
00bbac68_6686,
00bbac68_6687,
00bbac68_6688,
00bbac68_6689,
00bbac68_6690,
00bbac68_6691,
00bbac68_6692,
00bbac68_6693,
00bbac68_6694,
00bbac68_6695,
00bbac68_6696,
00bbac68_6697,
00bbac68_6698,
00bbac68_6699,
00bbac68_6700,
00bbac68_6701,
00bbac68_6702,
00bbac68_6703,
00bbac68_6704,
00bbac68_6705,
00bbac68_6706,
00bbac68_6707,
00bbac68_6708,
00bbac68_6709,
00bbac68_6710,
00bbac68_6711,
00bbac68_6712,
00bbac68_6713,
00bbac68_6714,
00bbac68_6715,
00bbac68_6716,
00bbac68_6717,
00bbac68_6718,
00bbac68_6719,
00bbac68_6720,
00bbac68_6721,
00bbac68_6722,
00bbac68_6723,
00bbac68_6724,
00bbac68_6725,
00bbac68_6726,
00bbac68_6727,
00bbac68_6728,
00bbac68_6729,
00bbac68_6730,
00bbac68_6731,
00bbac68_6732,
00bbac68_6733,
00bbac68_6734,
00bbac68_6735,
00bbac68_6736,
00bbac68_6737,
00bbac68_6738,
00bbac68_6739,
00bbac68_6740,
00bbac68_6741,
00bbac68_6742,
00bbac68_6743,
00bbac68_6744,
00bbac68_6745,
00bbac68_6746,
00bbac68_6747,
00bbac68_6748,
00bbac68_6749,
00bbac68_6750,
00bbac68_6751,
00bbac68_6752,
00bbac68_6753,
00bbac68_6754,
00bbac68_6755,
00bbac68_6756,
00bbac68_6757,
00bbac68_6758,
00bbac68_6759,
00bbac68_6760,
00bbac68_6761,
00bbac68_6762,
00bbac68_6763,
00bbac68_6764,
00bbac68_6765,
00bbac68_6766,
00bbac68_6767,
00bbac68_6768,
00bbac68_6769,
00bbac68_6770,
00bbac68_6771,
00bbac68_6772,
00bbac68_6773,
00bbac68_6774,
00bbac68_6775,
00bbac68_6776,
00bbac68_6777,
00bbac68_6778,
00bbac68_6779,
00bbac68_6780,
00bbac68_6781,
00bbac68_6782,
00bbac68_6783,
00bbac68_6784,
00bbac68_6785,
00bbac68_6786,
00bbac68_6787,
00bbac68_6788,
00bbac68_6789,
00bbac68_6790,
00bbac68_6791,
00bbac68_6792,
00bbac68_6793,
00bbac68_6794,
00bbac68_6795,
00bbac68_6796,
00bbac68_6797,
00bbac68_6798,
00bbac68_6799,
00bbac68_6800,
00bbac68_6801,
00bbac68_6802,
00bbac68_6803,
00bbac68_6804,
00bbac68_6805,
00bbac68_6806,
00bbac68_6807,
00bbac68_6808,
00bbac68_6809,
00bbac68_6810,
00bbac68_6811,
00bbac68_6812,
00bbac68_6813,
00bbac68_6814,
00bbac68_6815,
00bbac68_6816,
00bbac68_6817,
00bbac68_6818,
00bbac68_6819,
00bbac68_6820,
00bbac68_6821,
00bbac68_6822,
00bbac68_6823,
00bbac68_6824,
00bbac68_6825,
00bbac68_6826,
00bbac68_6827,
00bbac68_6828,
00bbac68_6829,
00bbac68_6830,
00bbac68_6831,
00bbac68_6832,
00bbac68_6833,
00bbac68_6834,
00bbac68_6835,
00bbac68_6836,
00bbac68_6837,
00bbac68_6838,
00bbac68_6839,
00bbac68_6840,
00bbac68_6841,
00bbac68_6842,
00bbac68_6843,
00bbac68_6844,
00bbac68_6845,
00bbac68_6846,
00bbac68_6847,
00bbac68_6848,
00bbac68_6849,
00bbac68_6850,
00bbac68_6851,
00bbac68_6852,
00bbac68_6853,
00bbac68_6854,
00bbac68_6855,
00bbac68_6856,
00bbac68_6857,
00bbac68_6858,
00bbac68_6859,
00bbac68_6860,
00bbac68_6861,
00bbac68_6862,
00bbac68_6863,
00bbac68_6864,
00bbac68_6865,
00bbac68_6866,
00bbac68_6867,
00bbac68_6868,
00bbac68_6869,
00bbac68_6870,
00bbac68_6871,
00bbac68_6872,
00bbac68_6873,
00bbac68_6874,
00bbac68_6875,
00bbac68_6876,
00bbac68_6877,
00bbac68_6878,
00bbac68_6879,
00bbac68_6880,
00bbac68_6881,
00bbac68_6882,
00bbac68_6883,
00bbac68_6884,
00bbac68_6885,
00bbac68_6886,
00bbac68_6887,
00bbac68_6888,
00bbac68_6889,
00bbac68_6890,
00bbac68_6891,
00bbac68_6892,
00bbac68_6893,
00bbac68_6894,
00bbac68_6895,
00bbac68_6896,
00bbac68_6897,
00bbac68_6898,
00bbac68_6899,
00bbac68_6900,
00bbac68_6901,
00bbac68_6902,
00bbac68_6903,
00bbac68_6904,
00bbac68_6905,
00bbac68_6906,
00bbac68_6907,
00bbac68_6908,
00bbac68_6909,
00bbac68_6910,
00bbac68_6911,
00bbac68_6912,
00bbac68_6913,
00bbac68_6914,
00bbac68_6915,
00bbac68_6916,
00bbac68_6917,
00bbac68_6918,
00bbac68_6919,
00bbac68_6920,
00bbac68_6921,
00bbac68_6922,
00bbac68_6923,
00bbac68_6924,
00bbac68_6925,
00bbac68_6926,
00bbac68_6927,
00bbac68_6928,
00bbac68_6929,
00bbac68_6930,
00bbac68_6931,
00bbac68_6932,
00bbac68_6933,
00bbac68_6934,
00bbac68_6935,
00bbac68_6936,
00bbac68_6937,
00bbac68_6938,
00bbac68_6939,
00bbac68_6940,
00bbac68_6941,
00bbac68_6942,
00bbac68_6943,
00bbac68_6944,
00bbac68_6945,
00bbac68_6946,
00bbac68_6947,
00bbac68_6948,
00bbac68_6949,
00bbac68_6950,
00bbac68_6951,
00bbac68_6952,
00bbac68_6953,
00bbac68_6954,
00bbac68_6955,
00bbac68_6956,
00bbac68_6957,
00bbac68_6958,
00bbac68_6959,
00bbac68_6960,
00bbac68_6961,
00bbac68_6962,
00bbac68_6963,
00bbac68_6964,
00bbac68_6965,
00bbac68_6966,
00bbac68_6967,
00bbac68_6968,
00bbac68_6969,
00bbac68_6970,
00bbac68_6971,
00bbac68_6972,
00bbac68_6973,
00bbac68_6974,
00bbac68_6975,
00bbac68_6976,
00bbac68_6977,
00bbac68_6978,
00bbac68_6979,
00bbac68_6980,
00bbac68_6981,
00bbac68_6982,
00bbac68_6983,
00bbac68_6984,
00bbac68_6985,
00bbac68_6986,
00bbac68_6987,
00bbac68_6988,
00bbac68_6989,
00bbac68_6990,
00bbac68_6991,
00bbac68_6992,
00bbac68_6993,
00bbac68_6994,
00bbac68_6995,
00bbac68_6996,
00bbac68_6997,
00bbac68_6998,
00bbac68_6999,
00bbac68_7000,
00bbac68_7001,
00bbac68_7002,
00bbac68_7003,
00bbac68_7004,
00bbac68_7005,
00bbac68_7006,
00bbac68_7007,
00bbac68_7008,
00bbac68_7009,
00bbac68_7010,
00bbac68_7011,
00bbac68_7012,
00bbac68_7013,
00bbac68_7014,
00bbac68_7015,
00bbac68_7016,
00bbac68_7017,
00bbac68_7018,
00bbac68_7019,
00bbac68_7020,
00bbac68_7021,
00bbac68_7022,
00bbac68_7023,
00bbac68_7024,
00bbac68_7025,
00bbac68_7026,
00bbac68_7027,
00bbac68_7028,
00bbac68_7029,
00bbac68_7030,
00bbac68_7031,
00bbac68_7032,
00bbac68_7033,
00bbac68_7034,
00bbac68_7035,
00bbac68_7036,
00bbac68_7037,
00bbac68_7038,
00bbac68_7039,
00bbac68_7040,
00bbac68_7041,
00bbac68_7042,
00bbac68_7043,
00bbac68_7044,
00bbac68_7045,
00bbac68_7046,
00bbac68_7047,
00bbac68_7048,
00bbac68_7049,
00bbac68_7050,
00bbac68_7051,
00bbac68_7052,
00bbac68_7053,
00bbac68_7054,
00bbac68_7055,
00bbac68_7056,
00bbac68_7057,
00bbac68_7058,
00bbac68_7059,
00bbac68_7060,
00bbac68_7061,
00bbac68_7062,
00bbac68_7063,
00bbac68_7064,
00bbac68_7065,
00bbac68_7066,
00bbac68_7067,
00bbac68_7068,
00bbac68_7069,
00bbac68_7070,
00bbac68_7071,
00bbac68_7072,
00bbac68_7073,
00bbac68_7074,
00bbac68_7075,
00bbac68_7076,
00bbac68_7077,
00bbac68_7078,
00bbac68_7079,
00bbac68_7080,
00bbac68_7081,
00bbac68_7082,
00bbac68_7083,
00bbac68_7084,
00bbac68_7085,
00bbac68_7086,
00bbac68_7087,
00bbac68_7088,
00bbac68_7089,
00bbac68_7090,
00bbac68_7091,
00bbac68_7092,
00bbac68_7093,
00bbac68_7094,
00bbac68_7095,
00bbac68_7096,
00bbac68_7097,
00bbac68_7098,
00bbac68_7099,
00bbac68_7100,
00bbac68_7101,
00bbac68_7102,
00bbac68_7103,
00bbac68_7104,
00bbac68_7105,
00bbac68_7106,
00bbac68_7107,
00bbac68_7108,
00bbac68_7109,
00bbac68_7110,
00bbac68_7111,
00bbac68_7112,
00bbac68_7113,
00bbac68_7114,
00bbac68_7115,
00bbac68_7116,
00bbac68_7117,
00bbac68_7118,
00bbac68_7119,
00bbac68_7120,
00bbac68_7121,
00bbac68_7122,
00bbac68_7123,
00bbac68_7124,
00bbac68_7125,
00bbac68_7126,
00bbac68_7127,
00bbac68_7128,
00bbac68_7129,
00bbac68_7130,
00bbac68_7131,
00bbac68_7132,
00bbac68_7133,
00bbac68_7134,
00bbac68_7135,
00bbac68_7136,
00bbac68_7137,
00bbac68_7138,
00bbac68_7139,
00bbac68_7140,
00bbac68_7141,
00bbac68_7142,
00bbac68_7143,
00bbac68_7144,
00bbac68_7145,
00bbac68_7146,
00bbac68_7147,
00bbac68_7148,
00bbac68_7149,
00bbac68_7150,
00bbac68_7151,
00bbac68_7152,
00bbac68_7153,
00bbac68_7154,
00bbac68_7155,
00bbac68_7156,
00bbac68_7157,
00bbac68_7158,
00bbac68_7159,
00bbac68_7160,
00bbac68_7161,
00bbac68_7162,
00bbac68_7163,
00bbac68_7164,
00bbac68_7165,
00bbac68_7166,
00bbac68_7167,
00bbac68_7168,
00bbac68_7169,
00bbac68_7170,
00bbac68_7171,
00bbac68_7172,
00bbac68_7173,
00bbac68_7174,
00bbac68_7175,
00bbac68_7176,
00bbac68_7177,
00bbac68_7178,
00bbac68_7179,
00bbac68_7180,
00bbac68_7181,
00bbac68_7182,
00bbac68_7183,
00bbac68_7184,
00bbac68_7185,
00bbac68_7186,
00bbac68_7187,
00bbac68_7188,
00bbac68_7189,
00bbac68_7190,
00bbac68_7191,
00bbac68_7192,
00bbac68_7193,
00bbac68_7194,
00bbac68_7195,
00bbac68_7196,
00bbac68_7197,
00bbac68_7198,
00bbac68_7199,
00bbac68_7200,
00bbac68_7201,
00bbac68_7202,
00bbac68_7203,
00bbac68_7204,
00bbac68_7205,
00bbac68_7206,
00bbac68_7207,
00bbac68_7208,
00bbac68_7209,
00bbac68_7210,
00bbac68_7211,
00bbac68_7212,
00bbac68_7213,
00bbac68_7214,
00bbac68_7215,
00bbac68_7216,
00bbac68_7217,
00bbac68_7218,
00bbac68_7219,
00bbac68_7220,
00bbac68_7221,
00bbac68_7222,
00bbac68_7223,
00bbac68_7224,
00bbac68_7225,
00bbac68_7226,
00bbac68_7227,
00bbac68_7228,
00bbac68_7229,
00bbac68_7230,
00bbac68_7231,
00bbac68_7232,
00bbac68_7233,
00bbac68_7234,
00bbac68_7235,
00bbac68_7236,
00bbac68_7237,
00bbac68_7238,
00bbac68_7239,
00bbac68_7240,
00bbac68_7241,
00bbac68_7242,
00bbac68_7243,
00bbac68_7244,
00bbac68_7245,
00bbac68_7246,
00bbac68_7247,
00bbac68_7248,
00bbac68_7249,
00bbac68_7250,
00bbac68_7251,
00bbac68_7252,
00bbac68_7253,
00bbac68_7254,
00bbac68_7255,
00bbac68_7256,
00bbac68_7257,
00bbac68_7258,
00bbac68_7259,
00bbac68_7260,
00bbac68_7261,
00bbac68_7262,
00bbac68_7263,
00bbac68_7264,
00bbac68_7265,
00bbac68_7266,
00bbac68_7267,
00bbac68_7268,
00bbac68_7269,
00bbac68_7270,
00bbac68_7271,
00bbac68_7272,
00bbac68_7273,
00bbac68_7274,
00bbac68_7275,
00bbac68_7276,
00bbac68_7277,
00bbac68_7278,
00bbac68_7279,
00bbac68_7280,
00bbac68_7281,
00bbac68_7282,
00bbac68_7283,
00bbac68_7284,
00bbac68_7285,
00bbac68_7286,
00bbac68_7287,
00bbac68_7288,
00bbac68_7289,
00bbac68_7290,
00bbac68_7291,
00bbac68_7292,
00bbac68_7293,
00bbac68_7294,
00bbac68_7295,
00bbac68_7296,
00bbac68_7297,
00bbac68_7298,
00bbac68_7299,
00bbac68_7300,
00bbac68_7301,
00bbac68_7302,
00bbac68_7303,
00bbac68_7304,
00bbac68_7305,
00bbac68_7306,
00bbac68_7307,
00bbac68_7308,
00bbac68_7309,
00bbac68_7310,
00bbac68_7311,
00bbac68_7312,
00bbac68_7313,
00bbac68_7314,
00bbac68_7315,
00bbac68_7316,
00bbac68_7317,
00bbac68_7318,
00bbac68_7319,
00bbac68_7320,
00bbac68_7321,
00bbac68_7322,
00bbac68_7323,
00bbac68_7324,
00bbac68_7325,
00bbac68_7326,
00bbac68_7327,
00bbac68_7328,
00bbac68_7329,
00bbac68_7330,
00bbac68_7331,
00bbac68_7332,
00bbac68_7333,
00bbac68_7334,
00bbac68_7335,
00bbac68_7336,
00bbac68_7337,
00bbac68_7338,
00bbac68_7339,
00bbac68_7340,
00bbac68_7341,
00bbac68_7342,
00bbac68_7343,
00bbac68_7344,
00bbac68_7345,
00bbac68_7346,
00bbac68_7347,
00bbac68_7348,
00bbac68_7349,
00bbac68_7350,
00bbac68_7351,
00bbac68_7352,
00bbac68_7353,
00bbac68_7354,
00bbac68_7355,
00bbac68_7356,
00bbac68_7357,
00bbac68_7358,
00bbac68_7359,
00bbac68_7360,
00bbac68_7361,
00bbac68_7362,
00bbac68_7363,
00bbac68_7364,
00bbac68_7365,
00bbac68_7366,
00bbac68_7367,
00bbac68_7368,
00bbac68_7369,
00bbac68_7370,
00bbac68_7371,
00bbac68_7372,
00bbac68_7373,
00bbac68_7374,
00bbac68_7375,
00bbac68_7376,
00bbac68_7377,
00bbac68_7378,
00bbac68_7379,
00bbac68_7380,
00bbac68_7381,
00bbac68_7382,
00bbac68_7383,
00bbac68_7384,
00bbac68_7385,
00bbac68_7386,
00bbac68_7387,
00bbac68_7388,
00bbac68_7389,
00bbac68_7390,
00bbac68_7391,
00bbac68_7392,
00bbac68_7393,
00bbac68_7394,
00bbac68_7395,
00bbac68_7396,
00bbac68_7397,
00bbac68_7398,
00bbac68_7399,
00bbac68_7400,
00bbac68_7401,
00bbac68_7402,
00bbac68_7403,
00bbac68_7404,
00bbac68_7405,
00bbac68_7406,
00bbac68_7407,
00bbac68_7408,
00bbac68_7409,
00bbac68_7410,
00bbac68_7411,
00bbac68_7412,
00bbac68_7413,
00bbac68_7414,
00bbac68_7415,
00bbac68_7416,
00bbac68_7417,
00bbac68_7418,
00bbac68_7419,
00bbac68_7420,
00bbac68_7421,
00bbac68_7422,
00bbac68_7423,
00bbac68_7424,
00bbac68_7425,
00bbac68_7426,
00bbac68_7427,
00bbac68_7428,
00bbac68_7429,
00bbac68_7430,
00bbac68_7431,
00bbac68_7432,
00bbac68_7433,
00bbac68_7434,
00bbac68_7435,
00bbac68_7436,
00bbac68_7437,
00bbac68_7438,
00bbac68_7439,
00bbac68_7440,
00bbac68_7441,
00bbac68_7442,
00bbac68_7443,
00bbac68_7444,
00bbac68_7445,
00bbac68_7446,
00bbac68_7447,
00bbac68_7448,
00bbac68_7449,
00bbac68_7450,
00bbac68_7451,
00bbac68_7452,
00bbac68_7453,
00bbac68_7454,
00bbac68_7455,
00bbac68_7456,
00bbac68_7457,
00bbac68_7458,
00bbac68_7459,
00bbac68_7460,
00bbac68_7461,
00bbac68_7462,
00bbac68_7463,
00bbac68_7464,
00bbac68_7465,
00bbac68_7466,
00bbac68_7467,
00bbac68_7468,
00bbac68_7469,
00bbac68_7470,
00bbac68_7471,
00bbac68_7472,
00bbac68_7473,
00bbac68_7474,
00bbac68_7475,
00bbac68_7476,
00bbac68_7477,
00bbac68_7478,
00bbac68_7479,
00bbac68_7480,
00bbac68_7481,
00bbac68_7482,
00bbac68_7483,
00bbac68_7484,
00bbac68_7485,
00bbac68_7486,
00bbac68_7487,
00bbac68_7488,
00bbac68_7489,
00bbac68_7490,
00bbac68_7491,
00bbac68_7492,
00bbac68_7493,
00bbac68_7494,
00bbac68_7495,
00bbac68_7496,
00bbac68_7497,
00bbac68_7498,
00bbac68_7499,
00bbac68_7500,
00bbac68_7501,
00bbac68_7502,
00bbac68_7503,
00bbac68_7504,
00bbac68_7505,
00bbac68_7506,
00bbac68_7507,
00bbac68_7508,
00bbac68_7509,
00bbac68_7510,
00bbac68_7511,
00bbac68_7512,
00bbac68_7513,
00bbac68_7514,
00bbac68_7515,
00bbac68_7516,
00bbac68_7517,
00bbac68_7518,
00bbac68_7519,
00bbac68_7520,
00bbac68_7521,
00bbac68_7522,
00bbac68_7523,
00bbac68_7524,
00bbac68_7525,
00bbac68_7526,
00bbac68_7527,
00bbac68_7528,
00bbac68_7529,
00bbac68_7530,
00bbac68_7531,
00bbac68_7532,
00bbac68_7533,
00bbac68_7534,
00bbac68_7535,
00bbac68_7536,
00bbac68_7537,
00bbac68_7538,
00bbac68_7539,
00bbac68_7540,
00bbac68_7541,
00bbac68_7542,
00bbac68_7543,
00bbac68_7544,
00bbac68_7545,
00bbac68_7546,
00bbac68_7547,
00bbac68_7548,
00bbac68_7549,
00bbac68_7550,
00bbac68_7551,
00bbac68_7552,
00bbac68_7553,
00bbac68_7554,
00bbac68_7555,
00bbac68_7556,
00bbac68_7557,
00bbac68_7558,
00e12e8b_2083,
00e12e8b_2084,
00e12e8b_2085,
00e12e8b_2086,
00e12e8b_2087,
00e12e8b_2088,
00e12e8b_2089,
00e12e8b_2090,
00e12e8b_2091,
00e12e8b_2092,
00e12e8b_2093,
00e12e8b_2094,
00e12e8b_2095,
00e12e8b_2096,
00e12e8b_2097,
00e12e8b_2098,
00e12e8b_2099,
00e12e8b_2100,
00e12e8b_2101,
00e12e8b_2102,
00e12e8b_2103,
00e12e8b_2104,
00e12e8b_2105,
00e12e8b_2106,
00e12e8b_2107,
00e12e8b_2108,
00e12e8b_2109,
00e12e8b_2110,
00e12e8b_2111,
00e12e8b_2112,
00e12e8b_2113,
00e12e8b_2114,
00e12e8b_2115,
00e12e8b_2116,
00e12e8b_2117,
00e12e8b_2118,
00e12e8b_2119,
00e12e8b_2120,
00e12e8b_2121,
00e12e8b_2122,
00e12e8b_2123,
00e12e8b_2124,
00e12e8b_2125,
00e12e8b_2126,
00e12e8b_2127,
00e12e8b_2128,
00e12e8b_2129,
00e12e8b_2130,
00e12e8b_2131,
00e12e8b_2132,
00e12e8b_2133,
00e12e8b_2134,
00e12e8b_2135,
00e12e8b_2136,
00e12e8b_2137,
00e12e8b_2138,
00e12e8b_2139,
00e12e8b_2140,
00e12e8b_2141,
00e12e8b_2142,
00e12e8b_2143,
00e12e8b_2144,
00e12e8b_2145,
00e12e8b_2146,
00e12e8b_2147,
00e12e8b_2148,
00e12e8b_2149,
00e12e8b_2150,
00e12e8b_2151,
00e12e8b_2152,
00e12e8b_2153,
00e12e8b_2154,
00e12e8b_2155,
00e12e8b_2156,
00e12e8b_2157,
00e12e8b_2158,
00e12e8b_2159,
00e12e8b_2160,
00e12e8b_2161,
00e12e8b_2162,
00e12e8b_2163,
00e12e8b_2164,
00e12e8b_2165,
00e12e8b_2166,
00e12e8b_2167,
00e12e8b_2168,
00e12e8b_2169,
00e12e8b_2170,
00e12e8b_2171,
00e12e8b_2172,
00e12e8b_2173,
00e12e8b_2174,
00e12e8b_2175,
00e12e8b_2176,
00e12e8b_2177,
00e12e8b_2178,
00e12e8b_2179,
00e12e8b_2180,
00e12e8b_2181,
00e12e8b_2182,
00e12e8b_2183,
00e12e8b_2184,
00e12e8b_2185,
00e12e8b_2186,
00e12e8b_2187,
00e12e8b_2188,
00e12e8b_2189,
00e12e8b_2190,
00e12e8b_2191,
00e12e8b_2192,
00e12e8b_2193,
00e12e8b_2194,
00e12e8b_2195,
00e12e8b_2196,
00e12e8b_2197,
00e12e8b_2198,
00e12e8b_2199,
00e12e8b_2200,
00e12e8b_2201,
00e12e8b_2202,
00e12e8b_2203,
00e12e8b_2204,
00e12e8b_2205,
00e12e8b_2206,
00e12e8b_2207,
00e12e8b_2208,
00e12e8b_2209,
00e12e8b_2210,
00e12e8b_2211,
00e12e8b_2212,
00e12e8b_2213,
00e12e8b_2214,
00e12e8b_2215,
00e12e8b_2216,
00e12e8b_2217,
00e12e8b_2218,
00e12e8b_2219,
00e12e8b_2220,
00e12e8b_2221,
00e12e8b_2222,
00e12e8b_2223,
00e12e8b_2224,
00e12e8b_2225,
00e12e8b_2226,
00e12e8b_2227,
00e12e8b_2228,
00e12e8b_2229,
00e12e8b_2230,
00e12e8b_2231,
00e12e8b_2232,
00e12e8b_2233,
00e12e8b_2234,
00e12e8b_2235,
00e12e8b_2236,
00e12e8b_2237,
00e12e8b_2238,
00e12e8b_2239,
00e12e8b_2240,
00e12e8b_2241,
00e12e8b_2242,
00e12e8b_2243,
00e12e8b_2244,
00e12e8b_2245,
00e12e8b_2246,
00e12e8b_2247,
00e12e8b_2248,
00e12e8b_2249,
00e12e8b_2250,
00e12e8b_2251,
00e12e8b_2252,
00e12e8b_2253,
00e12e8b_2254,
00e12e8b_2255,
00e12e8b_2256,
00e12e8b_2257,
00e12e8b_2258,
00e12e8b_2259,
00e12e8b_2260,
00e12e8b_2261,
00e12e8b_2262,
00e12e8b_2263,
00e12e8b_2264,
00e12e8b_2265,
00e12e8b_2266,
00e12e8b_2267,
00e12e8b_2268,
00e12e8b_2269,
00e12e8b_2270,
00e12e8b_2271,
00e12e8b_2272,
00e12e8b_2273,
00e12e8b_2274,
00e12e8b_2275,
00e12e8b_2276,
00e12e8b_2277,
00e12e8b_2278,
00e12e8b_2279,
00e12e8b_2280,
00e12e8b_2281,
00e12e8b_2282,
00e12e8b_2283,
00e12e8b_2284,
00e12e8b_2285,
00e12e8b_2286,
00e12e8b_2287,
00e12e8b_2288,
00e12e8b_2289,
00e12e8b_2290,
00e12e8b_2291,
00e12e8b_2292,
00e12e8b_2293,
00e12e8b_2294,
00e12e8b_2295,
00e12e8b_2296,
00e12e8b_2297,
00e12e8b_2298,
00e12e8b_2299,
00e12e8b_2300,
00e12e8b_2301,
00e12e8b_2302,
00e12e8b_2303,
00e12e8b_2304,
00e12e8b_2305,
00e12e8b_2306,
00e12e8b_2307,
00e12e8b_2308,
00e12e8b_2309,
00e12e8b_2310,
00e12e8b_2311,
00e12e8b_2312,
00e12e8b_2313,
00e12e8b_2314,
00e12e8b_2315,
00e12e8b_2316,
00e12e8b_2317,
00e12e8b_2318,
00e12e8b_2319,
00e12e8b_2320,
00e12e8b_2321,
00e12e8b_2322,
00e12e8b_2323,
00e12e8b_2324,
00e12e8b_2325,
00e12e8b_2326,
00e12e8b_2327,
00e12e8b_2328,
00e12e8b_2329,
00e12e8b_2330,
00e12e8b_2331,
00e12e8b_2332,
00e12e8b_2333,
00e12e8b_2334,
00e12e8b_2335,
00e12e8b_2336,
00e12e8b_2337,
00e12e8b_2338,
00e12e8b_2339,
00e12e8b_2340,
00e12e8b_2341,
00e12e8b_2342,
00e12e8b_2343,
00e12e8b_2344,
00e12e8b_2345,
00e12e8b_2346,
00e12e8b_2347,
00e12e8b_2348,
00e12e8b_2349,
00e12e8b_2350,
00e12e8b_2351,
00e12e8b_2352,
00e12e8b_2353,
00e12e8b_2354,
00e12e8b_2355,
00e12e8b_2356,
00e12e8b_2357,
00e12e8b_2358,
00e12e8b_2359,
00e12e8b_2360,
00e12e8b_2361,
00e12e8b_2362,
00e12e8b_2363,
00e12e8b_2364,
00e12e8b_2365,
00e12e8b_2366,
00e12e8b_2367,
00e12e8b_2368,
00e12e8b_2369,
00e12e8b_2370,
00e12e8b_2371,
00e12e8b_2372,
00e12e8b_2373,
00e12e8b_2374,
00e12e8b_2375,
00e12e8b_2376,
00e12e8b_2377,
00e12e8b_2378,
00e12e8b_2379,
00e12e8b_2380,
00e12e8b_2381,
00e12e8b_2382,
00e12e8b_2383,
00e12e8b_2384,
00e12e8b_2385,
00e12e8b_2386,
00e12e8b_2387,
00e12e8b_2388,
00e12e8b_2389,
00e12e8b_2390,
00e12e8b_2391,
00e12e8b_2392,
00e12e8b_2393,
00e12e8b_2394,
00e12e8b_2395,
00e12e8b_2396,
00e12e8b_2397,
00e12e8b_2398,
00e12e8b_2399,
00e12e8b_2400,
00e12e8b_2401,
00e12e8b_2402,
00e12e8b_2403,
00e12e8b_2404,
00e12e8b_2405,
00e12e8b_2406,
00e12e8b_2407,
00e12e8b_2408,
00e12e8b_2409,
00e12e8b_2410,
00e12e8b_2411,
00e12e8b_2412,
00e12e8b_2413,
00e12e8b_2414,
00e12e8b_2415,
00e12e8b_2416,
00e12e8b_2417,
00e12e8b_2418,
00e12e8b_2419,
00e12e8b_2420,
00e12e8b_2421,
00e12e8b_2422,
00e12e8b_2423,
00e12e8b_2424,
00e12e8b_2425,
00e12e8b_2426,
00e12e8b_2427,
00e12e8b_2428,
00e12e8b_2429,
00e12e8b_2430,
00e12e8b_2431,
00e12e8b_2432,
00e12e8b_2433,
00e12e8b_2434,
00e12e8b_2435,
00e12e8b_2436,
00e12e8b_2437,
00e12e8b_2438,
00e12e8b_2439,
00e12e8b_2440,
00e12e8b_2441,
00e12e8b_2442,
00e12e8b_2443,
00e12e8b_2444,
00e12e8b_2445,
00e12e8b_2446,
00e12e8b_2447,
00e12e8b_2448,
00e12e8b_2449,
00e12e8b_2450,
00e12e8b_2451,
00e12e8b_2452,
00e12e8b_2453,
00e12e8b_2454,
00e12e8b_2455,
00e12e8b_2456,
00e12e8b_2457,
00e12e8b_2458,
00e12e8b_2459,
00e12e8b_2460,
00e12e8b_2461,
00e12e8b_2462,
00e12e8b_2463,
00e12e8b_2464,
00e12e8b_2465,
00e12e8b_2466,
00e12e8b_2467,
00e12e8b_2468,
00e12e8b_2469,
00e12e8b_2470,
00e12e8b_2471,
00e12e8b_2472,
00e12e8b_2473,
00e12e8b_2474,
00e12e8b_2475,
00e12e8b_2476,
00e12e8b_2477,
00e12e8b_2478,
00e12e8b_2479,
00e12e8b_2480,
00e12e8b_2481,
00e12e8b_2482,
00e12e8b_2483,
00e12e8b_2484,
00e12e8b_2485,
00e12e8b_2486,
00e12e8b_2487,
00e12e8b_2488,
00e12e8b_2489,
00e12e8b_2490,
00e12e8b_2491,
00e12e8b_2492,
00e12e8b_2493,
00e12e8b_2494,
00e12e8b_2495,
00e12e8b_2496,
00e12e8b_2497,
00e12e8b_2498,
00e12e8b_2499,
00e12e8b_2500,
00e12e8b_2501,
00e12e8b_2502,
00e12e8b_2503,
00e12e8b_2504,
00e12e8b_2505,
00e12e8b_2506,
00e12e8b_2507,
00e12e8b_2508,
00e12e8b_2509,
00e12e8b_2510,
00e12e8b_2511,
00e12e8b_2512,
00e12e8b_2513,
00e12e8b_2514,
00e12e8b_2515,
00e12e8b_2516,
00e12e8b_2517,
00e12e8b_2518,
00e12e8b_2519,
00e12e8b_2520,
00e12e8b_2521,
00e12e8b_2522,
00e12e8b_2523,
00e12e8b_2524,
00e12e8b_2525,
00e12e8b_2526,
00e12e8b_2527,
00e12e8b_2528,
00e12e8b_2529,
00e12e8b_2530,
00e12e8b_2531,
00e12e8b_2532,
00e12e8b_2533,
00e12e8b_2534,
00e12e8b_2535,
00e12e8b_2536,
00e12e8b_2537,
00e12e8b_2538,
00e12e8b_2539,
00e12e8b_2540,
00e12e8b_2541,
00e12e8b_2542,
00e12e8b_2543,
00e12e8b_2544,
00e12e8b_2545,
00e12e8b_2546,
00e12e8b_2547,
00e12e8b_2548,
00e12e8b_2549,
00e12e8b_2550,
00e12e8b_2551,
00e12e8b_2552,
00e12e8b_2553,
00e12e8b_2554,
00e12e8b_2555,
00e12e8b_2556,
00e12e8b_2557,
00e12e8b_2558,
00e12e8b_2559,
00e12e8b_2560,
00e12e8b_2561,
00e12e8b_2562,
00e12e8b_2563,
00e12e8b_2564,
00e12e8b_2565,
00e12e8b_2566,
00e12e8b_2567,
00e12e8b_2568,
00e12e8b_2569,
00e12e8b_2570,
00e12e8b_2571,
00e12e8b_2572,
00e12e8b_2573,
00e12e8b_2574,
00e12e8b_2575,
00e12e8b_2576,
00e12e8b_2577,
00e12e8b_2578,
00e12e8b_2579,
00e12e8b_2580,
00e12e8b_2581,
00e12e8b_2582,
00e12e8b_2583,
00e12e8b_2584,
00e12e8b_2585,
00e12e8b_2586,
00e12e8b_2587,
00e12e8b_2588,
00e12e8b_2589,
00e12e8b_2590,
00e12e8b_2591,
00e12e8b_2592,
00e12e8b_2593,
00e12e8b_2594,
00e12e8b_2595,
00e12e8b_2596,
00e12e8b_2597,
00e12e8b_2598,
00e12e8b_2599,
00e12e8b_2600,
00e12e8b_2601,
00e12e8b_2602,
00e12e8b_2603,
00e12e8b_2604,
00e12e8b_2605,
00e12e8b_2606,
00e12e8b_2607,
00e12e8b_2608,
00e12e8b_2609,
00e12e8b_2610,
00e12e8b_2611,
00e12e8b_2612,
00e12e8b_2613,
00e12e8b_2614,
00e12e8b_2615,
00e12e8b_2616,
00e12e8b_2617,
00e12e8b_2618,
00e12e8b_2619,
00e12e8b_2620,
00e12e8b_2621,
00e12e8b_2622,
00e12e8b_2623,
00e12e8b_2624,
00e12e8b_2625,
00e12e8b_2626,
00e12e8b_2627,
00e12e8b_2628,
00e12e8b_2629,
00e12e8b_2630,
00e12e8b_2631,
00e12e8b_2632,
00e12e8b_2633,
00e12e8b_2634,
00e12e8b_2635,
00e12e8b_2636,
00e12e8b_2637,
00e12e8b_2638,
00e12e8b_2639,
00e12e8b_2640,
00e12e8b_2641,
00e12e8b_2642,
00e12e8b_2643,
00e12e8b_2644,
00e12e8b_2645,
00e12e8b_2646,
00e12e8b_2647,
00e12e8b_2648,
00e12e8b_2649,
00e12e8b_2650,
00e12e8b_2651,
00e12e8b_2652,
00e12e8b_2653,
00e12e8b_2654,
00e12e8b_2655,
00e12e8b_2656,
00e12e8b_2657,
00e12e8b_2658,
00e12e8b_2659,
00e12e8b_2660,
00e12e8b_2661,
00e12e8b_2662,
00e12e8b_2663,
00e12e8b_2664,
00e12e8b_2665,
00e12e8b_2666,
00e12e8b_2667,
00e12e8b_2668,
00e12e8b_2669,
00e12e8b_2670,
00e12e8b_2671,
00e12e8b_2672,
00e12e8b_2673,
00e12e8b_2674,
00e12e8b_2675,
00e12e8b_2676,
00e12e8b_2677,
00e12e8b_2678,
00e12e8b_2679,
00e12e8b_2680,
00e12e8b_2681,
00e12e8b_2682,
00e12e8b_2683,
00e12e8b_2684,
00e12e8b_2685,
00e12e8b_2686,
00e12e8b_2687,
00e12e8b_2688,
00e12e8b_2689,
00e12e8b_2690,
00e12e8b_2691,
00e12e8b_2692,
00e12e8b_2693,
00e12e8b_2694,
00e12e8b_2695,
00e12e8b_2696,
00e12e8b_2697,
00e12e8b_2698,
00e12e8b_2699,
00e12e8b_2700,
00e12e8b_2701,
00e12e8b_2702,
00e12e8b_2703,
00e12e8b_2704,
00e12e8b_2705,
00e12e8b_2706,
00e12e8b_2707,
00e12e8b_2708,
00e12e8b_2709,
00e12e8b_2710,
00e12e8b_2711,
00e12e8b_2712,
00e12e8b_2713,
00e12e8b_2714,
00e12e8b_2715,
00e12e8b_2716,
00e12e8b_2717,
00e12e8b_2718,
00e12e8b_2719,
00e12e8b_2720,
00e12e8b_2721,
00e12e8b_2722,
00e12e8b_2723,
00e12e8b_2724,
00e12e8b_2725,
00e12e8b_2726,
00e12e8b_2727,
00e12e8b_2728,
00e12e8b_2729,
00e12e8b_2730,
00e12e8b_2731,
00e12e8b_2732,
00e12e8b_2733,
00e12e8b_2734,
00e12e8b_2735,
00e12e8b_2736,
00e12e8b_2737,
00e12e8b_2738,
00e12e8b_2739,
00e12e8b_2740,
00e12e8b_2741,
00e12e8b_2742,
00e12e8b_2743,
00e12e8b_2744,
00e12e8b_2745,
00e12e8b_2746,
00e12e8b_2747,
00e12e8b_2748,
00e12e8b_2749,
00e12e8b_2750,
00e12e8b_2751,
00e12e8b_2752,
00e12e8b_2753,
00e12e8b_2754,
00e12e8b_2755,
00e12e8b_2756,
00e12e8b_2757,
00e12e8b_2758,
00e12e8b_2759,
00e12e8b_2760,
00e12e8b_2761,
00e12e8b_2762,
00e12e8b_2763,
00e12e8b_2764,
00e12e8b_2765,
00e12e8b_2766,
00e12e8b_2767,
00e12e8b_2768,
00e12e8b_2769,
00e12e8b_2770,
00e12e8b_2771,
00e12e8b_2772,
00e12e8b_2773,
00e12e8b_2774,
00e12e8b_2775,
00e12e8b_2776,
00e12e8b_2777,
00e12e8b_2778,
00e12e8b_2779,
00e12e8b_2780,
00e12e8b_2781,
00e12e8b_2782,
00e12e8b_2783,
00e12e8b_2784,
00e12e8b_2785,
00e12e8b_2786,
00e12e8b_2787,
00e12e8b_2788,
00e12e8b_2789,
00e12e8b_2790,
00e12e8b_2791,
00e12e8b_2792,
00e12e8b_2793,
00e12e8b_2794,
00e12e8b_2795,
00e12e8b_2796,
00e12e8b_2797,
00e12e8b_2798,
00e12e8b_2799,
00e12e8b_2800,
00e12e8b_2801,
00e12e8b_2802,
00e12e8b_2803,
00e12e8b_2804,
00e12e8b_2805,
00e12e8b_2806,
00e12e8b_2807,
00e12e8b_2808,
00e12e8b_2809,
00e12e8b_2810,
00e12e8b_2811,
00e12e8b_2812,
00e12e8b_2813,
00e12e8b_2814,
00e12e8b_2815,
00e12e8b_2816,
00e12e8b_2817,
00e12e8b_2818,
00e12e8b_2819,
00e12e8b_2820,
00e12e8b_2821,
00e12e8b_2822,
00e12e8b_2823,
00e12e8b_2824,
00e12e8b_2825,
00e12e8b_2826,
00e12e8b_2827,
00e12e8b_2828,
00e12e8b_2829,
00e12e8b_2830,
00e12e8b_2831,
00e12e8b_2832,
00e12e8b_2833,
00e12e8b_2834,
00e12e8b_2835,
00e12e8b_2836,
00e12e8b_2837,
00e12e8b_2838,
00e12e8b_2839,
00e12e8b_2840,
00e12e8b_2841,
00e12e8b_2842,
00e12e8b_2843,
00e12e8b_2844,
00e12e8b_2845,
00e12e8b_2846,
00e12e8b_2847,
00e12e8b_2848,
00e12e8b_2849,
00e12e8b_2850,
00e12e8b_2851,
00e12e8b_2852,
00e12e8b_2853,
00e12e8b_2854,
00e12e8b_2855,
00e12e8b_2856,
00e12e8b_2857,
00e12e8b_2858,
00e12e8b_2859,
00e12e8b_2860,
00e12e8b_2861,
00e12e8b_2862,
00e12e8b_2863,
00e12e8b_2864,
00e12e8b_2865,
00e12e8b_2866,
00e12e8b_2867,
00e12e8b_2868,
00e12e8b_2869,
00e12e8b_2870,
00e12e8b_2871,
00e12e8b_2872,
00e12e8b_2873,
00e12e8b_2874,
00e12e8b_2875,
00e12e8b_2876,
00e12e8b_2877,
00e12e8b_2878,
00e12e8b_2879,
00e12e8b_2880,
00e12e8b_2881,
00e12e8b_2882,
00e12e8b_2883,
00e12e8b_2884,
00e12e8b_2885,
00e12e8b_2886,
00e12e8b_2887,
00e12e8b_2888,
00e12e8b_2889,
00e12e8b_2890,
00e12e8b_2891,
00e12e8b_2892,
00e12e8b_2893,
00e12e8b_2894,
00e12e8b_2895,
00e12e8b_2896,
00e12e8b_2897,
00e12e8b_2898,
00e12e8b_2899,
00e12e8b_2900,
00e12e8b_2901,
00e12e8b_2902,
00e12e8b_2903,
00e12e8b_2904,
00e12e8b_2905,
00e12e8b_2906,
00e12e8b_2907,
00e12e8b_2908,
00e12e8b_2909,
00e12e8b_2910,
00e12e8b_2911,
00e12e8b_2912,
00e12e8b_2913,
00e12e8b_2914,
00e12e8b_2915,
00e12e8b_2916,
00e12e8b_2917,
00e12e8b_2918,
00e12e8b_2919,
00e12e8b_2920,
00e12e8b_2921,
00e12e8b_2922,
00e12e8b_2923,
00e12e8b_2924,
00e12e8b_2925,
00e12e8b_2926,
00e12e8b_2927,
00e12e8b_2928,
00e12e8b_2929,
00e12e8b_2930,
00e12e8b_2931,
00e12e8b_2932,
00e12e8b_2933,
00e12e8b_2934,
00e12e8b_2935,
00e12e8b_2936,
00e12e8b_2937,
00e12e8b_2938,
00e12e8b_2939,
00e12e8b_2940,
00e12e8b_2941,
00e12e8b_2942,
00e12e8b_2943,
00e12e8b_2944,
00e12e8b_2945,
00e12e8b_2946,
00e12e8b_2947,
00e12e8b_2948,
00e12e8b_2949,
00e12e8b_2950,
00e12e8b_2951,
00e12e8b_2952,
00e12e8b_2953,
00e12e8b_2954,
00e12e8b_2955,
00e12e8b_2956,
00e12e8b_2957,
00e12e8b_2958,
00e12e8b_2959,
00e12e8b_2960,
00e12e8b_2961,
00e12e8b_2962,
00e12e8b_2963,
00e12e8b_2964,
00e12e8b_2965,
00e12e8b_2966,
00e12e8b_2967,
00e12e8b_2968,
00e12e8b_2969,
00e12e8b_2970,
00e12e8b_2971,
00e12e8b_2972,
00e12e8b_2973,
00e12e8b_2974,
00e12e8b_2975,
00e12e8b_2976,
00e12e8b_2977,
00e12e8b_2978,
00e12e8b_2979,
00e12e8b_2980,
00e12e8b_2981,
00e12e8b_2982,
00e12e8b_2983,
00e12e8b_2984,
00e12e8b_2985,
00e12e8b_2986,
00e12e8b_2987,
00e12e8b_2988,
00e12e8b_2989,
00e12e8b_2990,
00e12e8b_2991,
00e12e8b_2992,
00e12e8b_2993,
00e12e8b_2994,
00e12e8b_2995,
00e12e8b_2996,
00e12e8b_2997,
00e12e8b_2998,
00e12e8b_2999,
00e12e8b_3000,
00e12e8b_3001,
00e12e8b_3002,
00e12e8b_3003,
00e12e8b_3004,
00e12e8b_3005,
00e12e8b_3006,
00e12e8b_3007,
00e12e8b_3008,
00e12e8b_3009,
00e12e8b_3010,
00e12e8b_3011,
00e12e8b_3012,
00e12e8b_3013,
00e12e8b_3014,
00e12e8b_3015,
00e12e8b_3016,
00e12e8b_3017,
00e12e8b_3018,
00e12e8b_3019,
00e12e8b_3020,
00e12e8b_3021,
00e12e8b_3022,
00e12e8b_3023,
00e12e8b_3024,
00e12e8b_3025,
00e12e8b_3026,
00e12e8b_3027,
00e12e8b_3028,
00e12e8b_3029,
00e12e8b_3030,
00e12e8b_3031,
00e12e8b_3032,
00e12e8b_3033,
00e12e8b_3034,
00e12e8b_3035,
00e12e8b_3036,
00e12e8b_3037,
00e12e8b_3038,
00e12e8b_3039,
00e12e8b_3040,
00e12e8b_3041,
00e12e8b_3042,
00e12e8b_3043,
00e12e8b_3044,
00e12e8b_3045,
00e12e8b_3046,
00e12e8b_3047,
00e12e8b_3048,
00e12e8b_3049,
00e12e8b_3050,
00e12e8b_3051,
00e12e8b_3052,
00e12e8b_3053,
00e12e8b_3054,
00e12e8b_3055,
00e12e8b_3056,
00e12e8b_3057,
00e12e8b_3058,
00e12e8b_3059,
00e12e8b_3060,
00e12e8b_3061,
00e12e8b_3062,
00e12e8b_3063,
00e12e8b_3064,
00e12e8b_3065,
00e12e8b_3066,
00e12e8b_3067,
00e12e8b_3068,
00e12e8b_3069,
00e12e8b_3070,
00e12e8b_3071,
00e12e8b_3072,
00e12e8b_3073,
00e12e8b_3074,
00e12e8b_3075,
00e12e8b_3076,
00e12e8b_3077,
00e12e8b_3078,
00e12e8b_3079,
00e12e8b_3080,
00e12e8b_3081,
00e12e8b_3082,
00e12e8b_3083,
00e12e8b_3084,
00e12e8b_3085,
00e12e8b_3086,
00e12e8b_3087,
00e12e8b_3088,
00e12e8b_3089,
00e12e8b_3090,
00e12e8b_3091,
00e12e8b_3092,
00e12e8b_3093,
00e12e8b_3094,
00e12e8b_3095,
00e12e8b_3096,
00e12e8b_3097,
00e12e8b_3098,
00e12e8b_3099,
00e12e8b_3100,
00e12e8b_3101,
00e12e8b_3102,
00e12e8b_3103,
00e12e8b_3104,
00e12e8b_3105,
00e12e8b_3106,
00e12e8b_3107,
00e12e8b_3108,
00e12e8b_3109,
00e12e8b_3110,
00e12e8b_3111,
00e12e8b_3112,
00e12e8b_3113,
00e12e8b_3114,
00e12e8b_3115,
00e12e8b_3116,
00e12e8b_3117,
00e12e8b_3118,
00e12e8b_3119,
00e12e8b_3120,
00e12e8b_3121,
00e12e8b_3122,
00e12e8b_3123,
00e12e8b_3124,
00e12e8b_3125,
00e12e8b_3126,
00e12e8b_3127,
00e12e8b_3128,
00e12e8b_3129,
00e12e8b_3130,
00e12e8b_3131,
00e12e8b_3132,
00e12e8b_3133,
00e12e8b_3134,
00e12e8b_3135,
00e12e8b_3136,
00e12e8b_3137,
00e12e8b_3138,
00e12e8b_3139,
00e12e8b_3140,
00e12e8b_3141,
00e12e8b_3142,
00e12e8b_3143,
00e12e8b_3144,
00e12e8b_3145,
00e12e8b_3146,
00e12e8b_3147,
00e12e8b_3148,
00e12e8b_3149,
00e12e8b_3150,
00e12e8b_3151,
00e12e8b_3152,
00e12e8b_3153,
00e12e8b_3154,
00e12e8b_3155,
00e12e8b_3156,
00e12e8b_3157,
00e12e8b_3158,
00e12e8b_3159,
00e12e8b_3160,
00e12e8b_3161,
00e12e8b_3162,
00e12e8b_3163,
00e12e8b_3164,
00e12e8b_3165,
00e12e8b_3166,
00e12e8b_3167,
00e12e8b_3168,
00e12e8b_3169,
00e12e8b_3170,
00e12e8b_3171,
00e12e8b_3172,
00e12e8b_3173,
00e12e8b_3174,
00e12e8b_3175,
00e12e8b_3176,
00e12e8b_3177,
00e12e8b_3178,
00e12e8b_3179,
00e12e8b_3180,
00e12e8b_3181,
00e12e8b_3182,
00e12e8b_3183,
00e12e8b_3184,
00e12e8b_3185,
00e12e8b_3186,
00e12e8b_3187,
00e12e8b_3188,
00e12e8b_3189,
00e12e8b_3190,
00e12e8b_3191,
00e12e8b_3192,
00e12e8b_3193,
00e12e8b_3194,
00e12e8b_3195,
00e12e8b_3196,
00e12e8b_3197,
00e12e8b_3198,
00e12e8b_3199,
00e12e8b_3200,
00e12e8b_3201,
00e12e8b_3202,
00e12e8b_3203,
00e12e8b_3204,
00e12e8b_3205,
00e12e8b_3206,
00e12e8b_3207,
00e12e8b_3208,
00e12e8b_3209,
00e12e8b_3210,
00e12e8b_3211,
00e12e8b_3212,
00e12e8b_3213,
00e12e8b_3214,
00e12e8b_3215,
00e12e8b_3216,
00e12e8b_3217,
00e12e8b_3218,
00e12e8b_3219,
00e12e8b_3220,
00e12e8b_3221,
00e12e8b_3222,
00e12e8b_3223,
00e12e8b_3224,
00e12e8b_3225,
00e12e8b_3226,
00e12e8b_3227,
00e12e8b_3228,
00e12e8b_3229,
00e12e8b_3230,
00e12e8b_3231,
00e12e8b_3232,
00e12e8b_3233,
00e12e8b_3234,
00e12e8b_3235,
00e12e8b_3236,
00e12e8b_3237,
00e12e8b_3238,
00e12e8b_3239,
00e12e8b_3240,
00e12e8b_3241,
00e12e8b_3242,
00e12e8b_3243,
00e12e8b_3244,
00e12e8b_3245,
00e12e8b_3246,
00e12e8b_3247,
00e12e8b_3248,
00e12e8b_3249,
00e12e8b_3250,
00e12e8b_3251,
00e12e8b_3252,
00e12e8b_3253,
00e12e8b_3254,
00e12e8b_3255,
00e12e8b_3256,
00e12e8b_3257,
00e12e8b_3258,
00e12e8b_3259,
00e12e8b_3260,
00e12e8b_3261,
00e12e8b_3262,
00e12e8b_3263,
00e12e8b_3264,
00e12e8b_3265,
00e12e8b_3266,
00e12e8b_3267,
00e12e8b_3268,
00e12e8b_3269,
00e12e8b_3270,
00e12e8b_3271,
00e12e8b_3272,
00e12e8b_3273,
00e12e8b_3274,
00e12e8b_3275,
00e12e8b_3276,
00e12e8b_3277,
00e12e8b_3278,
00e12e8b_3279,
00e12e8b_3280,
00e12e8b_3281,
00e12e8b_3282,
00e12e8b_3283,
00e12e8b_3284,
00e12e8b_3285,
00e12e8b_3286,
00e12e8b_3287,
00e12e8b_3288,
00e12e8b_3289,
00e12e8b_3290,
00e12e8b_3291,
00e12e8b_3292,
00e12e8b_3293,
00e12e8b_3294,
00e12e8b_3295,
00e12e8b_3296,
00e12e8b_3297,
00e12e8b_3298,
00e12e8b_3299,
00e12e8b_3300,
00e12e8b_3301,
00e12e8b_3302,
00e12e8b_3303,
00e12e8b_3304,
00e12e8b_3305,
00e12e8b_3306,
00e12e8b_3307,
00e12e8b_3308,
00e12e8b_3309,
00e12e8b_3310,
00e12e8b_3311,
00e12e8b_3312,
00e12e8b_3313,
00e12e8b_3314,
00e12e8b_3315,
00e12e8b_3316,
00e12e8b_3317,
00e12e8b_3318,
00e12e8b_3319,
00e12e8b_3320,
00e12e8b_3321,
00e12e8b_3322,
00e12e8b_3323,
00e12e8b_3324,
00e12e8b_3325,
00e12e8b_3326,
00e12e8b_3327,
00e12e8b_3328,
00e12e8b_3329,
00e12e8b_3330,
00e12e8b_3331,
00e12e8b_3332,
00e12e8b_3333,
00e12e8b_3334,
00e12e8b_3335,
00e12e8b_3336,
00e12e8b_3337,
00e12e8b_3338,
00e12e8b_3339,
00e12e8b_3340,
00e12e8b_3341,
00e12e8b_3342,
00e12e8b_3343,
00e12e8b_3344,
00e12e8b_3345,
00e12e8b_3346,
00e12e8b_3347,
00e12e8b_3348,
00e12e8b_3349,
00e12e8b_3350,
00e12e8b_3351,
00e12e8b_3352,
00e12e8b_3353,
00e12e8b_3354,
00e12e8b_3355,
00e12e8b_3356,
00e12e8b_3357,
00e12e8b_3358,
00e12e8b_3359,
00e12e8b_3360,
00e12e8b_3361,
00e12e8b_3362,
00e12e8b_3363,
00e12e8b_3364,
00e12e8b_3365,
00e12e8b_3366,
00e12e8b_3367,
00e12e8b_3368,
00e12e8b_3369,
00e12e8b_3370,
00e12e8b_3371,
00e12e8b_3372,
00e12e8b_3373,
00e12e8b_3374,
00e12e8b_3375,
00e12e8b_3376,
00e12e8b_3377,
00e12e8b_3378,
00e12e8b_3379,
00e12e8b_3380,
00e12e8b_3381,
00e12e8b_3382,
00e12e8b_3383,
00e12e8b_3384,
00e12e8b_3385,
00e12e8b_3386,
00e12e8b_3387,
00e12e8b_3388,
00e12e8b_3389,
00e12e8b_3390,
00e12e8b_3391,
00e12e8b_3392,
00e12e8b_3393,
00e12e8b_3394,
00e12e8b_3395,
00e12e8b_3396,
00e12e8b_3397,
00e12e8b_3398,
00e12e8b_3399,
00e12e8b_3400,
00e12e8b_3401,
00e12e8b_3402,
00e12e8b_3403,
00e12e8b_3404,
00e12e8b_3405,
00e12e8b_3406,
00e12e8b_3407,
00e12e8b_3408,
00e12e8b_3409,
00e12e8b_3410,
00e12e8b_3411,
00e12e8b_3412,
00e12e8b_3413,
00e12e8b_3414,
00e12e8b_3415,
00e12e8b_3416,
00e12e8b_3417,
00e12e8b_3418,
00e12e8b_3419,
00e12e8b_3420,
00e12e8b_3421,
00e12e8b_3422,
00e12e8b_3423,
00e12e8b_3424,
00e12e8b_3425,
00e12e8b_3426,
00e12e8b_3427,
00e12e8b_3428,
00e12e8b_3429,
00e12e8b_3430,
00e12e8b_3431,
00e12e8b_3432,
00e12e8b_3433,
00e12e8b_3434,
00e12e8b_3435,
00e12e8b_3436,
00e12e8b_3437,
00e12e8b_3438,
00e12e8b_3439,
00e12e8b_3440,
00e12e8b_3441,
00e12e8b_3442,
00e12e8b_3443,
00e12e8b_3444,
00e12e8b_3445,
00e12e8b_3446,
00e12e8b_3447,
00e12e8b_3448,
00e12e8b_3449,
00e12e8b_3450,
00e12e8b_3451,
00e12e8b_3452,
00e12e8b_3453,
00e12e8b_3454,
00e12e8b_3455,
00e12e8b_3456,
00e12e8b_3457,
00e12e8b_3458,
00e12e8b_3459,
00e12e8b_3460,
00e12e8b_3461,
00e12e8b_3462,
00e12e8b_3463,
00e12e8b_3464,
00e12e8b_3465,
00e12e8b_3466,
00e12e8b_3467,
00e12e8b_3468,
00e12e8b_3469,
00e12e8b_3470,
00e12e8b_3471,
00e12e8b_3472,
00e12e8b_3473,
00e12e8b_3474,
00e12e8b_3475,
00e12e8b_3476,
00e12e8b_3477,
00e12e8b_3478,
00e12e8b_3479,
00e12e8b_3480,
00e12e8b_3481,
00e12e8b_3482,
00e12e8b_3483,
00e12e8b_3484,
00e12e8b_3485,
00e12e8b_3486,
00e12e8b_3487,
00e12e8b_3488,
00e12e8b_3489,
00e12e8b_3490,
00e12e8b_3491,
00e12e8b_3492,
00e12e8b_3493,
00e12e8b_3494,
00e12e8b_3495,
00e12e8b_3496,
00e12e8b_3497,
00e12e8b_3498,
00e12e8b_3499,
00e12e8b_3500,
00e12e8b_3501,
00e12e8b_3502,
00e12e8b_3503,
00e12e8b_3504,
00e12e8b_3505,
00e12e8b_3506,
00e12e8b_3507,
00e12e8b_3508,
00e12e8b_3509,
00e12e8b_3510,
00e12e8b_3511,
00e12e8b_3512,
00e12e8b_3513,
00e12e8b_3514,
00e12e8b_3515,
00e12e8b_3516,
00e12e8b_3517,
00e12e8b_3518,
00e12e8b_3519,
00e12e8b_3520,
00e12e8b_3521,
00e12e8b_3522,
00e12e8b_3523,
00e12e8b_3524,
00e12e8b_3525,
00e12e8b_3526,
00e12e8b_3527,
00e12e8b_3528,
00e12e8b_3529,
00e12e8b_3530,
00e12e8b_3531,
00e12e8b_3532,
00e12e8b_3533,
00e12e8b_3534,
00e12e8b_3535,
00e12e8b_3536,
00e12e8b_3537,
00e12e8b_3538,
00e12e8b_3539,
00e12e8b_3540,
00e12e8b_3541,
00e12e8b_3542,
00e12e8b_3543,
00e12e8b_3544,
00e12e8b_3545,
00e12e8b_3546,
00e12e8b_3547,
00e12e8b_3548,
00e12e8b_3549,
00e12e8b_3550,
00e12e8b_3551,
00e12e8b_3552,
00e12e8b_3553,
00e12e8b_3554,
00e12e8b_3555,
00e12e8b_3556,
00e12e8b_3557,
00e12e8b_3558,
00e12e8b_3559,
00e12e8b_3560,
00e12e8b_3561,
00e12e8b_3562,
00e12e8b_3563,
00e12e8b_3564,
00e12e8b_3565,
00e12e8b_3566,
00e12e8b_3567,
00e12e8b_3568,
00e12e8b_3569,
00e12e8b_3570,
00e12e8b_3571,
00e12e8b_3572,
00e12e8b_3573,
00e12e8b_3574,
00e12e8b_3575,
00e12e8b_3576,
00e12e8b_3577,
00e12e8b_3578,
00e12e8b_3579,
00e12e8b_3580,
00e12e8b_3581,
00e12e8b_3582,
00e12e8b_3583,
00e12e8b_3584,
00e12e8b_3585,
00e12e8b_3586,
00e12e8b_3587,
00e12e8b_3588,
00e12e8b_3589,
00e12e8b_3590,
00e12e8b_3591,
00e12e8b_3592,
00e12e8b_3593,
00e12e8b_3594,
00e12e8b_3595,
00e12e8b_3596,
00e12e8b_3597,
00e12e8b_3598,
00e12e8b_3599,
00e12e8b_3600,
00e12e8b_3601,
00e12e8b_3602,
00e12e8b_3603,
00e12e8b_3604,
00e12e8b_3605,
00e12e8b_3606,
00e12e8b_3607,
00e12e8b_3608,
00e12e8b_3609,
00e12e8b_3610,
00e12e8b_3611,
00e12e8b_3612,
00e12e8b_3613,
00e12e8b_3614,
00e12e8b_3615,
00e12e8b_3616,
00e12e8b_3617,
00e12e8b_3618,
00e12e8b_3619,
00e12e8b_3620,
00e12e8b_3621,
00e12e8b_3622,
00e12e8b_3623,
00e12e8b_3624,
00e12e8b_3625,
00e12e8b_3626,
00e12e8b_3627,
00e12e8b_3628,
00e12e8b_3629,
00e12e8b_3630,
00e12e8b_3631,
00e12e8b_3632,
00e12e8b_3633,
00e12e8b_3634,
00e12e8b_3635,
00e12e8b_3636,
00e12e8b_3637,
00e12e8b_3638,
00e12e8b_3639,
00e12e8b_3640,
00e12e8b_3641,
00e12e8b_3642,
00e12e8b_3643,
00e12e8b_3644,
00e12e8b_3645,
00e12e8b_3646,
00e12e8b_3647,
00e12e8b_3648,
00e12e8b_3649,
00e12e8b_3650,
00e12e8b_3651,
00e12e8b_3652,
00e12e8b_3653,
00e12e8b_3654,
00e12e8b_3655,
00e12e8b_3656,
00e12e8b_3657,
00e12e8b_3658,
00e12e8b_3659,
00e12e8b_3660,
00e12e8b_3661,
00e12e8b_3662,
00e12e8b_3663,
00e12e8b_3664,
00e12e8b_3665,
00e12e8b_3666,
00e12e8b_3667,
00e12e8b_3668,
00e12e8b_3669,
00e12e8b_3670,
00e12e8b_3671,
00e12e8b_3672,
00e12e8b_3673,
00e12e8b_3674,
00e12e8b_3675,
00e12e8b_3676,
00e12e8b_3677,
00e12e8b_3678,
00e12e8b_3679,
00e12e8b_3680,
00e12e8b_3681,
00e12e8b_3682,
00e12e8b_3683,
00e12e8b_3684,
00e12e8b_3685,
00e12e8b_3686,
00e12e8b_3687,
00e12e8b_3688,
00e12e8b_3689,
00e12e8b_3690,
00e12e8b_3691,
00e12e8b_3692,
00e12e8b_3693,
00e12e8b_3694,
00e12e8b_3695,
00e12e8b_3696,
00e12e8b_3697,
00e12e8b_3698,
00e12e8b_3699,
00e12e8b_3700,
00e12e8b_3701,
00e12e8b_3702,
00e12e8b_3703,
00e12e8b_3704,
00e12e8b_3705,
00e12e8b_3706,
00e12e8b_3707,
00e12e8b_3708,
00e12e8b_3709,
00e12e8b_3710,
00e12e8b_3711,
00e12e8b_3712,
00e12e8b_3713,
00e12e8b_3714,
00e12e8b_3715,
00e12e8b_3716,
00e12e8b_3717,
00e12e8b_3718,
00e12e8b_3719,
00e12e8b_3720,
00e12e8b_3721,
00e12e8b_3722,
00e12e8b_3723,
00e12e8b_3724,
00e12e8b_3725,
00e12e8b_3726,
00e12e8b_3727,
00e12e8b_3728,
00e12e8b_3729,
00e12e8b_3730,
00e12e8b_3731,
00e12e8b_3732,
00e12e8b_3733,
00e12e8b_3734,
00e12e8b_3735,
00e12e8b_3736,
00e12e8b_3737,
00e12e8b_3738,
00e12e8b_3739,
00e12e8b_3740,
00e12e8b_3741,
00e12e8b_3742,
00e12e8b_3743,
00e12e8b_3744,
00e12e8b_3745,
00e12e8b_3746,
00e12e8b_3747,
00e12e8b_3748,
00e12e8b_3749,
00e12e8b_3750,
00e12e8b_3751,
00e12e8b_3752,
00e12e8b_3753,
00e12e8b_3754,
00e12e8b_3755,
00e12e8b_3756,
00e12e8b_3757,
00e12e8b_3758,
00e12e8b_3759,
00e12e8b_3760,
00e12e8b_3761,
00e12e8b_3762,
00e12e8b_3763,
00e12e8b_3764,
00e12e8b_3765,
00e12e8b_3766,
00e12e8b_3767,
00e12e8b_3768,
00e12e8b_3769,
00e12e8b_3770,
00e12e8b_3771,
00e12e8b_3772,
00e12e8b_3773,
00e12e8b_3774,
00e12e8b_3775,
00e12e8b_3776,
00e12e8b_3777,
00e12e8b_3778,
00e12e8b_3779,
00e12e8b_3780,
00e12e8b_3781,
00e12e8b_3782,
00e12e8b_3783,
00e12e8b_3784,
00e12e8b_3785,
00e12e8b_3786,
00e12e8b_3787,
00e12e8b_3788,
00e12e8b_3789,
00e12e8b_3790,
00e12e8b_3791,
00e12e8b_3792,
00e12e8b_3793,
00e12e8b_3794,
00e12e8b_3795,
00e12e8b_3796,
00e12e8b_3797,
00e12e8b_3798,
00e12e8b_3799,
00e12e8b_3800,
00e12e8b_3801,
00e12e8b_3802,
00e12e8b_3803,
00e12e8b_3804,
00e12e8b_3805,
00e12e8b_3806,
00e12e8b_3807,
00e12e8b_3808,
00e12e8b_3809,
00e12e8b_3810,
00e12e8b_3811,
00e12e8b_3812,
00e12e8b_3813,
00e12e8b_3814,
00e12e8b_3815,
00e12e8b_3816,
00e12e8b_3817,
00e12e8b_3818,
00e12e8b_3819,
00e12e8b_3820,
00e12e8b_3821,
00e12e8b_3822,
00e12e8b_3823,
00e12e8b_3824,
00e12e8b_3825,
00e12e8b_3826,
00e12e8b_3827,
00e12e8b_3828,
00e12e8b_3829,
00e12e8b_3830,
00e12e8b_3831,
00e12e8b_3832,
00e12e8b_3833,
00e12e8b_3834,
00e12e8b_3835,
00e12e8b_3836,
00e12e8b_3837,
00e12e8b_3838,
00e12e8b_3839,
00e12e8b_3840,
00e12e8b_3841,
00e12e8b_3842,
00e12e8b_3843,
00e12e8b_3844,
00e12e8b_3845,
00e12e8b_3846,
00e12e8b_3847,
00e12e8b_3848,
00e12e8b_3849,
00e12e8b_3850,
00e12e8b_3851,
00e12e8b_3852,
00e12e8b_3853,
00e12e8b_3854,
00e12e8b_3855,
00e12e8b_3856,
00e12e8b_3857,
00e12e8b_3858,
00e12e8b_3859,
00e12e8b_3860,
00e12e8b_3861,
00e12e8b_3862,
00e12e8b_3863,
00e12e8b_3864,
00e12e8b_3865,
00e12e8b_3866,
00e12e8b_3867,
00e12e8b_3868,
00e12e8b_3869,
00e12e8b_3870,
00e12e8b_3871,
00e12e8b_3872,
00e12e8b_3873,
00e12e8b_3874,
00e12e8b_3875,
00e12e8b_3876,
00e12e8b_3877,
00e12e8b_3878,
00e12e8b_3879,
00e12e8b_3880,
00e12e8b_3881,
00e12e8b_3882,
00e12e8b_3883,
00e12e8b_3884,
00e12e8b_3885,
00e12e8b_3886,
00e12e8b_3887,
00e12e8b_3888,
00e12e8b_3889,
00e12e8b_3890,
00e12e8b_3891,
00e12e8b_3892,
00e12e8b_3893,
00e12e8b_3894,
00e12e8b_3895,
00e12e8b_3896,
00e12e8b_3897,
00e12e8b_3898,
00e12e8b_3899,
00e12e8b_3900,
00e12e8b_3901,
00e12e8b_3902,
00e12e8b_3903,
00e12e8b_3904,
00e12e8b_3905,
00e12e8b_3906,
00e12e8b_3907,
00e12e8b_3908,
00e12e8b_3909,
00e12e8b_3910,
00e12e8b_3911,
00e12e8b_3912,
00e12e8b_3913,
00e12e8b_3914,
00e12e8b_3915,
00e12e8b_3916,
00e12e8b_3917,
00e12e8b_3918,
00e12e8b_3919,
00e12e8b_3920,
00e12e8b_3921,
00e12e8b_3922,
00e12e8b_3923,
00e12e8b_3924,
00e12e8b_3925,
00e12e8b_3926,
00e12e8b_3927,
00e12e8b_3928,
00e12e8b_3929,
00e12e8b_3930,
00e12e8b_3931,
00e12e8b_3932,
00e12e8b_3933,
00e12e8b_3934,
00e12e8b_3935,
00e12e8b_3936,
00e12e8b_3937,
00e12e8b_3938,
00e12e8b_3939,
00e12e8b_3940,
00e12e8b_3941,
00e12e8b_3942,
00e12e8b_3943,
00e12e8b_3944,
00e12e8b_3945,
00e12e8b_3946,
00e12e8b_3947,
00e12e8b_3948,
00e12e8b_3949,
00e12e8b_3950,
00e12e8b_3951,
00e12e8b_3952,
00e12e8b_3953,
00e12e8b_3954,
00e12e8b_3955,
00e12e8b_3956,
00e12e8b_3957,
00e12e8b_3958,
00e12e8b_3959,
00e12e8b_3960,
00e12e8b_3961,
00e12e8b_3962,
00e12e8b_3963,
00e12e8b_3964,
00e12e8b_3965,
00e12e8b_3966,
00e12e8b_3967,
00e12e8b_3968,
00e12e8b_3969,
00e12e8b_3970,
00e12e8b_3971,
00e12e8b_3972,
00e12e8b_3973,
00e12e8b_3974,
00e12e8b_3975,
00e12e8b_3976,
00e12e8b_3977,
00e12e8b_3978,
00e12e8b_3979,
00e12e8b_3980,
00e12e8b_3981,
00e12e8b_3982,
00e12e8b_3983,
00e12e8b_3984,
00e12e8b_3985,
00e12e8b_3986,
00e12e8b_3987,
00e12e8b_3988,
00e12e8b_3989,
00e12e8b_3990,
00e12e8b_3991,
00e12e8b_3992,
00e12e8b_3993,
00e12e8b_3994,
00e12e8b_3995,
00e12e8b_3996,
00e12e8b_3997,
00e12e8b_3998,
00e12e8b_3999,
00e12e8b_4000,
00e12e8b_4001,
00e12e8b_4002,
00e12e8b_4003,
00e12e8b_4004,
00e12e8b_4005,
00e12e8b_4006,
00e12e8b_4007,
00e12e8b_4008,
00e12e8b_4009,
00e12e8b_4010,
00e12e8b_4011,
00e12e8b_4012,
00e12e8b_4013,
00e12e8b_4014,
00e12e8b_4015,
00e12e8b_4016,
00e12e8b_4017,
00e12e8b_4018,
00e12e8b_4019,
00e12e8b_4020,
00e12e8b_4021,
00e12e8b_4022,
00e12e8b_4023,
00e12e8b_4024,
00e12e8b_4025,
00e12e8b_4026,
00e12e8b_4027,
00e12e8b_4028,
00e12e8b_4029,
00e12e8b_4030,
00e12e8b_4031,
00e12e8b_4032,
00e12e8b_4033,
00e12e8b_4034,
00e12e8b_4035,
00e12e8b_4036,
00e12e8b_4037,
00e12e8b_4038,
00e12e8b_4039,
00e12e8b_4040,
00e12e8b_4041,
00e12e8b_4042,
00e12e8b_4043,
00e12e8b_4044,
00e12e8b_4045,
00e12e8b_4046,
00e12e8b_4047,
00e12e8b_4048,
00e12e8b_4049,
00e12e8b_4050,
00e12e8b_4051,
00e12e8b_4052,
00e12e8b_4053,
00e12e8b_4054,
00e12e8b_4055,
00e12e8b_4056,
00e12e8b_4057,
00e12e8b_4058,
00e12e8b_4059,
00e12e8b_4060,
00e12e8b_4061,
00e12e8b_4062,
00e12e8b_4063,
00e12e8b_4064,
00e12e8b_4065,
00e12e8b_4066,
00e12e8b_4067,
00e12e8b_4068,
00e12e8b_4069,
00e12e8b_4070,
00e12e8b_4071,
00e12e8b_4072,
00e12e8b_4073,
00e12e8b_4074,
00e12e8b_4075,
00e12e8b_4076,
00e12e8b_4077,
00e12e8b_4078,
00e12e8b_4079,
00e12e8b_4080,
00e12e8b_4081,
00e12e8b_4082,
00e12e8b_4083,
00e12e8b_4084,
00e12e8b_4085,
00e12e8b_4086,
00e12e8b_4087,
00e12e8b_4088,
00e12e8b_4089,
00e12e8b_4090,
00e12e8b_4091,
00e12e8b_4092,
00e12e8b_4093,
00e12e8b_4094,
00e12e8b_4095,
00e12e8b_4096,
00e12e8b_4097,
00e12e8b_4098,
00e12e8b_4099,
00e12e8b_4100,
00e12e8b_4101,
00e12e8b_4102,
00e12e8b_4103,
00e12e8b_4104,
00e12e8b_4105,
00e12e8b_4106,
00e12e8b_4107,
00e12e8b_4108,
00e12e8b_4109,
00e12e8b_4110,
00e12e8b_4111,
00e12e8b_4112,
00e12e8b_4113,
00e12e8b_4114,
00e12e8b_4115,
00e12e8b_4116,
00e12e8b_4117,
00e12e8b_4118,
00e12e8b_4119,
00e12e8b_4120,
00e12e8b_4121,
00e12e8b_4122,
00e12e8b_4123,
00e12e8b_4124,
00e12e8b_4125,
00e12e8b_4126,
00e12e8b_4127,
00e12e8b_4128,
00e12e8b_4129,
00e12e8b_4130,
00e12e8b_4131,
00e12e8b_4132,
00e12e8b_4133,
00e12e8b_4134,
00e12e8b_4135,
00e12e8b_4136,
00e12e8b_4137,
00e12e8b_4138,
00e12e8b_4139,
00e12e8b_4140,
00e12e8b_4141,
00e12e8b_4142,
00e12e8b_4143,
00e12e8b_4144,
00e12e8b_4145,
00e12e8b_4146,
00e12e8b_4147,
00e12e8b_4148,
00e12e8b_4149,
00e12e8b_4150,
00e12e8b_4151,
00e12e8b_4152,
00e12e8b_4153,
00e12e8b_4154,
00e12e8b_4155,
00e12e8b_4156,
00e12e8b_4157,
00e12e8b_4158,
00e12e8b_4159,
00e12e8b_4160,
00e12e8b_4161,
00e12e8b_4162,
00e12e8b_4163,
00e12e8b_4164,
00e12e8b_4165,
00e12e8b_4166,
00e12e8b_4167,
00e12e8b_4168,
00e12e8b_4169,
00e12e8b_4170,
00e12e8b_4171,
00e12e8b_4172,
00e12e8b_4173,
00e12e8b_4174,
00e12e8b_4175,
00e12e8b_4176,
00e12e8b_4177,
00e12e8b_4178,
00e12e8b_4179,
00e12e8b_4180,
00e12e8b_4181,
00e12e8b_4182,
00e12e8b_4183,
00e12e8b_4184,
00e12e8b_4185,
00e12e8b_4186,
00e12e8b_4187,
00e12e8b_4188,
00e12e8b_4189,
00e12e8b_4190,
00e12e8b_4191,
00e12e8b_4192,
00e12e8b_4193,
00e12e8b_4194,
00e12e8b_4195,
00e12e8b_4196,
00e12e8b_4197,
00e12e8b_4198,
00e12e8b_4199,
00e12e8b_4200,
00e12e8b_4201,
00e12e8b_4202,
00e12e8b_4203,
00e12e8b_4204,
00e12e8b_4205,
00e12e8b_4206,
00e12e8b_4207,
00e12e8b_4208,
00e12e8b_4209,
00e12e8b_4210,
00e12e8b_4211,
00e12e8b_4212,
00e12e8b_4213,
00e12e8b_4214,
00e12e8b_4215,
00e12e8b_4216,
00e12e8b_4217,
00e12e8b_4218,
00e12e8b_4219,
00e12e8b_4220,
00e12e8b_4221,
00e12e8b_4222,
00e12e8b_4223,
00e12e8b_4224,
00e12e8b_4225,
00e12e8b_4226,
00e12e8b_4227,
00e12e8b_4228,
00e12e8b_4229,
00e12e8b_4230,
00e12e8b_4231,
00e12e8b_4232,
00e12e8b_4233,
00e12e8b_4234,
00e12e8b_4235,
00e12e8b_4236,
00e12e8b_4237,
00e12e8b_4238,
00e12e8b_4239,
00e12e8b_4240,
00e12e8b_4241,
00e12e8b_4242,
00e12e8b_4243,
00e12e8b_4244,
00e12e8b_4245,
00e12e8b_4246,
00e12e8b_4247,
00e12e8b_4248,
00e12e8b_4249,
00e12e8b_4250,
00e12e8b_4251,
00e12e8b_4252,
00e12e8b_4253,
00e12e8b_4254,
00e12e8b_4255,
00e12e8b_4256,
00e12e8b_4257,
00e12e8b_4258,
00e12e8b_4259,
00e12e8b_4260,
00e12e8b_4261,
00e12e8b_4262,
00e12e8b_4263,
00e12e8b_4264,
00e12e8b_4265,
00e12e8b_4266,
00e12e8b_4267,
00e12e8b_4268,
00e12e8b_4269,
00e12e8b_4270,
00e12e8b_4271,
00e12e8b_4272,
00e12e8b_4273,
00e12e8b_4274,
00e12e8b_4275,
00e12e8b_4276,
00e12e8b_4277,
00e12e8b_4278,
00e12e8b_4279,
00e12e8b_4280,
00e12e8b_4281,
00e12e8b_4282,
00e12e8b_4283,
00e12e8b_4284,
00e12e8b_4285,
00e12e8b_4286,
00e12e8b_4287,
00e12e8b_4288,
00e12e8b_4289,
00e12e8b_4290,
00e12e8b_4291,
00e12e8b_4292,
00e12e8b_4293,
00e12e8b_4294,
00e12e8b_4295,
00e12e8b_4296,
00e12e8b_4297,
00e12e8b_4298,
00e12e8b_4299,
00e12e8b_4300,
00e12e8b_4301,
00e12e8b_4302,
00e12e8b_4303,
00e12e8b_4304,
00e12e8b_4305,
00e12e8b_4306,
00e12e8b_4307,
00e12e8b_4308,
00e12e8b_4309,
00e12e8b_4310,
00e12e8b_4311,
00e12e8b_4312,
00e12e8b_4313,
00e12e8b_4314,
00e12e8b_4315,
00e12e8b_4316,
00e12e8b_4317,
00e12e8b_4318,
00e12e8b_4319,
00e12e8b_4320,
00e12e8b_4321,
00e12e8b_4322,
00e12e8b_4323,
00e12e8b_4324,
00e12e8b_4325,
00e12e8b_4326,
00e12e8b_4327,
00e12e8b_4328,
00e12e8b_4329,
00e12e8b_4330,
00e12e8b_4331,
00e12e8b_4332,
00e12e8b_4333,
00e12e8b_4334,
00e12e8b_4335,
00e12e8b_4336,
00e12e8b_4337,
00e12e8b_4338,
00e12e8b_4339,
00e12e8b_4340,
00e12e8b_4341,
00e12e8b_4342,
00e12e8b_4343,
00e12e8b_4344,
00e12e8b_4345,
00e12e8b_4346,
00e12e8b_4347,
00e12e8b_4348,
00e12e8b_4349,
00e12e8b_4350,
00e12e8b_4351,
00e12e8b_4352,
00e12e8b_4353,
00e12e8b_4354,
00e12e8b_4355,
00e12e8b_4356,
00e12e8b_4357,
00e12e8b_4358,
00e12e8b_4359,
00e12e8b_4360,
00e12e8b_4361,
00e12e8b_4362,
00e12e8b_4363,
00e12e8b_4364,
00e12e8b_4365,
00e12e8b_4366,
00e12e8b_4367,
00e12e8b_4368,
00e12e8b_4369,
00e12e8b_4370,
00e12e8b_4371,
00e12e8b_4372,
00e12e8b_4373,
00e12e8b_4374,
00e12e8b_4375,
00e12e8b_4376,
00e12e8b_4377,
00e12e8b_4378,
00e12e8b_4379,
00e12e8b_4380,
00e12e8b_4381,
00e12e8b_4382,
00e12e8b_4383,
00e12e8b_4384,
00e12e8b_4385,
00e12e8b_4386,
00e12e8b_4387,
00e12e8b_4388,
00e12e8b_4389,
00e12e8b_4390,
00e12e8b_4391,
00e12e8b_4392,
00e12e8b_4393,
00e12e8b_4394,
00e12e8b_4395,
00e12e8b_4396,
00e12e8b_4397,
00e12e8b_4398,
00e12e8b_4399,
00e12e8b_4400,
00e12e8b_4401,
00e12e8b_4402,
00e12e8b_4403,
00e12e8b_4404,
00e12e8b_4405,
00e12e8b_4406,
00e12e8b_4407,
00e12e8b_4408,
00e12e8b_4409,
00e12e8b_4410,
00e12e8b_4411,
00e12e8b_4412,
00e12e8b_4413,
00e12e8b_4414,
00e12e8b_4415,
00e12e8b_4416,
00e12e8b_4417,
00e12e8b_4418,
00e12e8b_4419,
00e12e8b_4420,
00e12e8b_4421,
00e12e8b_4422,
00e12e8b_4423,
00e12e8b_4424,
00e12e8b_4425,
00e12e8b_4426,
00e12e8b_4427,
00e12e8b_4428,
00e12e8b_4429,
00e12e8b_4430,
00e12e8b_4431,
00e12e8b_4432,
00e12e8b_4433,
00e12e8b_4434,
00e12e8b_4435,
00e12e8b_4436,
00e12e8b_4437,
00e12e8b_4438,
00e12e8b_4439,
00e12e8b_4440,
00e12e8b_4441,
00e12e8b_4442,
00e12e8b_4443,
00e12e8b_4444,
00e12e8b_4445,
00e12e8b_4446,
00e12e8b_4447,
00e12e8b_4448,
00e12e8b_4449,
00e12e8b_4450,
00e12e8b_4451,
00e12e8b_4452,
00e12e8b_4453,
00e12e8b_4454,
00e12e8b_4455,
00e12e8b_4456,
00e12e8b_4457,
00e12e8b_4458,
00e12e8b_4459,
00e12e8b_4460,
00e12e8b_4461,
00e12e8b_4462,
00e12e8b_4463,
00e12e8b_4464,
00e12e8b_4465,
00e12e8b_4466,
00e12e8b_4467,
00e12e8b_4468,
00e12e8b_4469,
00e12e8b_4470,
00e12e8b_4471,
00e12e8b_4472,
00e12e8b_4473,
00e12e8b_4474,
00e12e8b_4475,
00e12e8b_4476,
00e12e8b_4477,
00e12e8b_4478,
00e12e8b_4479,
00e12e8b_4480,
00e12e8b_4481,
00e12e8b_4482,
00e12e8b_4483,
00e12e8b_4484,
00e12e8b_4485,
00e12e8b_4486,
00e12e8b_4487,
00e12e8b_4488,
00e12e8b_4489,
00e12e8b_4490,
00e12e8b_4491,
00e12e8b_4492,
00e12e8b_4493,
00e12e8b_4494,
00e12e8b_4495,
00e12e8b_4496,
00e12e8b_4497,
00e12e8b_4498,
00e12e8b_4499,
00e12e8b_4500,
00e12e8b_4501,
00e12e8b_4502,
00e12e8b_4503,
00e12e8b_4504,
00e12e8b_4505,
00e12e8b_4506,
00e12e8b_4507,
00e12e8b_4508,
00e12e8b_4509,
00e12e8b_4510,
00e12e8b_4511,
00e12e8b_4512,
00e12e8b_4513,
00e12e8b_4514,
00e12e8b_4515,
00e12e8b_4516,
00e12e8b_4517,
00e12e8b_4518,
00e12e8b_4519,
00e12e8b_4520,
00e12e8b_4521,
00e12e8b_4522,
00e12e8b_4523,
00e12e8b_4524,
00e12e8b_4525,
00e12e8b_4526,
00e12e8b_4527,
00e12e8b_4528,
00e12e8b_4529,
00e12e8b_4530,
00e12e8b_4531,
00e12e8b_4532,
00e12e8b_4533,
00e12e8b_4534,
00e12e8b_4535,
00e12e8b_4536,
00e12e8b_4537,
00e12e8b_4538,
00e12e8b_4539,
00e12e8b_4540,
00e12e8b_4541,
00e12e8b_4542,
00e12e8b_4543,
00e12e8b_4544,
00e12e8b_4545,
00e12e8b_4546,
00e12e8b_4547,
00e12e8b_4548,
00e12e8b_4549,
00e12e8b_4550,
00e12e8b_4551,
00e12e8b_4552,
00e12e8b_4553,
00e12e8b_4554,
00e12e8b_4555,
00e12e8b_4556,
00e12e8b_4557,
00e12e8b_4558,
00e12e8b_4559,
00e12e8b_4560,
00e12e8b_4561,
00e12e8b_4562,
00e12e8b_4563,
00e12e8b_4564,
00e12e8b_4565,
00e12e8b_4566,
00e12e8b_4567,
00e12e8b_4568,
00e12e8b_4569,
00e12e8b_4570,
00e12e8b_4571,
00e12e8b_4572,
00e12e8b_4573,
00e12e8b_4574,
00e12e8b_4575,
00e12e8b_4576,
00e12e8b_4577,
00e12e8b_4578,
00e12e8b_4579,
00e12e8b_4580,
00e12e8b_4581,
00e12e8b_4582,
00e12e8b_4583,
00e12e8b_4584,
00e12e8b_4585,
00e12e8b_4586,
00e12e8b_4587,
00e12e8b_4588,
00e12e8b_4589,
00e12e8b_4590,
00e12e8b_4591,
00e12e8b_4592,
00e12e8b_4593,
00e12e8b_4594,
00e12e8b_4595,
00e12e8b_4596,
00e12e8b_4597,
00e12e8b_4598,
00e12e8b_4599,
00e12e8b_4600,
00e12e8b_4601,
00e12e8b_4602,
00e12e8b_4603,
00e12e8b_4604,
00e12e8b_4605,
00e12e8b_4606,
00e12e8b_4607,
00e12e8b_4608,
00e12e8b_4609,
00e12e8b_4610,
00e12e8b_4611,
00e12e8b_4612,
00e12e8b_4613,
00e12e8b_4614,
00e12e8b_4615,
00e12e8b_4616,
00e12e8b_4617,
00e12e8b_4618,
00e12e8b_4619,
00e12e8b_4620,
00e12e8b_4621,
00e12e8b_4622,
00e12e8b_4623,
00e12e8b_4624,
00e12e8b_4625,
00e12e8b_4626,
00e12e8b_4627,
00e12e8b_4628,
00e12e8b_4629,
00e12e8b_4630,
00e12e8b_4631,
00e12e8b_4632,
00e12e8b_4633,
00e12e8b_4634,
00e12e8b_4635,
00e12e8b_4636,
00e12e8b_4637,
00e12e8b_4638,
00e12e8b_4639,
00e12e8b_4640,
00e12e8b_4641,
00e12e8b_4642,
00e12e8b_4643,
00e12e8b_4644,
00e12e8b_4645,
00e12e8b_4646,
00e12e8b_4647,
00e12e8b_4648,
00e12e8b_4649,
00e12e8b_4650,
00e12e8b_4651,
00e12e8b_4652,
00e12e8b_4653,
00e12e8b_4654,
00e12e8b_4655,
00e12e8b_4656,
00e12e8b_4657,
00e12e8b_4658,
00e12e8b_4659,
00e12e8b_4660,
00e12e8b_4661,
00e12e8b_4662,
00e12e8b_4663,
00e12e8b_4664,
00e12e8b_4665,
00e12e8b_4666,
00e12e8b_4667,
00e12e8b_4668,
00e12e8b_4669,
00e12e8b_4670,
00e12e8b_4671,
00e12e8b_4672,
00e12e8b_4673,
00e12e8b_4674,
00e12e8b_4675,
00e12e8b_4676,
00e12e8b_4677,
00e12e8b_4678,
00e12e8b_4679,
00e12e8b_4680,
00e12e8b_4681,
00e12e8b_4682,
00e12e8b_4683,
00e12e8b_4684,
00e12e8b_4685,
00e12e8b_4686,
00e12e8b_4687,
00e12e8b_4688,
00e12e8b_4689,
00e12e8b_4690,
00e12e8b_4691,
00e12e8b_4692,
00e12e8b_4693,
00e12e8b_4694,
00e12e8b_4695,
00e12e8b_4696,
00e12e8b_4697,
00e12e8b_4698,
00e12e8b_4699,
00e12e8b_4700,
00e12e8b_4701,
00e12e8b_4702,
00e12e8b_4703,
00e12e8b_4704,
00e12e8b_4705,
00e12e8b_4706,
00e12e8b_4707,
00e12e8b_4708,
00e12e8b_4709,
00e12e8b_4710,
00e12e8b_4711,
00e12e8b_4712,
00e12e8b_4713,
00e12e8b_4714,
00e12e8b_4715,
00e12e8b_4716,
00e12e8b_4717,
00e12e8b_4718,
00e12e8b_4719,
00e12e8b_4720,
00e12e8b_4721,
00e12e8b_4722,
00e12e8b_4723,
00e12e8b_4724,
00e12e8b_4725,
00e12e8b_4726,
00e12e8b_4727,
00e12e8b_4728,
00e12e8b_4729,
00e12e8b_4730,
00e12e8b_4731,
00e12e8b_4732,
00e12e8b_4733,
00e12e8b_4734,
00e12e8b_4735,
00e12e8b_4736,
00e12e8b_4737,
00e12e8b_4738,
00e12e8b_4739,
00e12e8b_4740,
00e12e8b_4741,
00e12e8b_4742,
00e12e8b_4743,
00e12e8b_4744,
00e12e8b_4745,
00e12e8b_4746,
00e12e8b_4747,
00e12e8b_4748,
00e12e8b_4749,
00e12e8b_4750,
00e12e8b_4751,
00e12e8b_4752,
00e12e8b_4753,
00e12e8b_4754,
00e12e8b_4755,
00e12e8b_4756,
00e12e8b_4757,
00e12e8b_4758,
00e12e8b_4759,
00e12e8b_4760,
00e12e8b_4761,
00e12e8b_4762,
00e12e8b_4763,
00e12e8b_4764,
00e12e8b_4765,
00e12e8b_4766,
00e12e8b_4767,
00e12e8b_4768,
00e12e8b_4769,
00e12e8b_4770,
00e12e8b_4771,
00e12e8b_4772,
00e12e8b_4773,
00e12e8b_4774,
00e12e8b_4775,
00e12e8b_4776,
00e12e8b_4777,
00e12e8b_4778,
00e12e8b_4779,
00e12e8b_4780,
00e12e8b_4781,
00e12e8b_4782,
00e12e8b_4783,
00e12e8b_4784,
00e12e8b_4785,
00e12e8b_4786,
00e12e8b_4787,
00e12e8b_4788,
00e12e8b_4789,
00e12e8b_4790,
00e12e8b_4791,
00e12e8b_4792,
00e12e8b_4793,
00e12e8b_4794,
00e12e8b_4795,
00e12e8b_4796,
00e12e8b_4797,
00e12e8b_4798,
00e12e8b_4799,
00e12e8b_4800,
00e12e8b_4801,
00e12e8b_4802,
00e12e8b_4803,
00e12e8b_4804,
00e12e8b_4805,
00e12e8b_4806,
00e12e8b_4807,
00e12e8b_4808,
00e12e8b_4809,
00e12e8b_4810,
00e12e8b_4811,
00e12e8b_4812,
00e12e8b_4813,
00e12e8b_4814,
00e12e8b_4815,
00e12e8b_4816,
00e12e8b_4817,
00e12e8b_4818,
00e12e8b_4819,
00e12e8b_4820,
00e12e8b_4821,
00e12e8b_4822,
00e12e8b_4823,
00e12e8b_4824,
00e12e8b_4825,
00e12e8b_4826,
00e12e8b_4827,
00e12e8b_4828,
00e12e8b_4829,
00e12e8b_4830,
00e12e8b_4831,
00e12e8b_4832,
00e12e8b_4833,
00e12e8b_4834,
00e12e8b_4835,
00e12e8b_4836,
00e12e8b_4837,
00e12e8b_4838,
00e12e8b_4839,
00e12e8b_4840,
00e12e8b_4841,
00e12e8b_4842,
00e12e8b_4843,
00e12e8b_4844,
00e12e8b_4845,
00e12e8b_4846,
00e12e8b_4847,
00e12e8b_4848,
00e12e8b_4849,
00e12e8b_4850,
00e12e8b_4851,
00e12e8b_4852,
00e12e8b_4853,
00e12e8b_4854,
00e12e8b_4855,
00e12e8b_4856,
00e12e8b_4857,
00e12e8b_4858,
00e12e8b_4859,
00e12e8b_4860,
00e12e8b_4861,
00e12e8b_4862,
00e12e8b_4863,
00e12e8b_4864,
00e12e8b_4865,
00e12e8b_4866,
00e12e8b_4867,
00e12e8b_4868,
00e12e8b_4869,
00e12e8b_4870,
00e12e8b_4871,
00e12e8b_4872,
00e12e8b_4873,
00e12e8b_4874,
00e12e8b_4875,
00e12e8b_4876,
00e12e8b_4877,
00e12e8b_4878,
00e12e8b_4879,
00e12e8b_4880,
00e12e8b_4881,
00e12e8b_4882,
00e12e8b_4883,
00e12e8b_4884,
00e12e8b_4885,
00e12e8b_4886,
00e12e8b_4887,
00e12e8b_4888,
00e12e8b_4889,
00e12e8b_4890,
00e12e8b_4891,
00e12e8b_4892,
00e12e8b_4893,
00e12e8b_4894,
00e12e8b_4895,
00e12e8b_4896,
00e12e8b_4897,
00e12e8b_4898,
00e12e8b_4899,
00e12e8b_4900,
00e12e8b_4901,
00e12e8b_4902,
00e12e8b_4903,
00e12e8b_4904,
00e12e8b_4905,
00e12e8b_4906,
00e12e8b_4907,
00e12e8b_4908,
00e12e8b_4909,
00e12e8b_4910,
00e12e8b_4911,
00e12e8b_4912,
00e12e8b_4913,
00e12e8b_4914,
00e12e8b_4915,
00e12e8b_4916,
00e12e8b_4917,
00e12e8b_4918,
00e12e8b_4919,
00e12e8b_4920,
00e12e8b_4921,
00e12e8b_4922,
00e12e8b_4923,
00e12e8b_4924,
00e12e8b_4925,
00e12e8b_4926,
00e12e8b_4927,
00e12e8b_4928,
00e12e8b_4929,
00e12e8b_4930,
00e12e8b_4931,
00e12e8b_4932,
00e12e8b_4933,
00e12e8b_4934,
00e12e8b_4935,
00e12e8b_4936,
00e12e8b_4937,
00e12e8b_4938,
00e12e8b_4939,
00e12e8b_4940,
00e12e8b_4941,
00e12e8b_4942,
00e12e8b_4943,
00e12e8b_4944,
00e12e8b_4945,
00e12e8b_4946,
00e12e8b_4947,
00e12e8b_4948,
00e12e8b_4949,
00e12e8b_4950,
00e12e8b_4951,
00e12e8b_4952,
00e12e8b_4953,
00e12e8b_4954,
00e12e8b_4955,
00e12e8b_4956,
00e12e8b_4957,
00e12e8b_4958,
00e12e8b_4959,
00e12e8b_4960,
00e12e8b_4961,
00e12e8b_4962,
00e12e8b_4963,
00e12e8b_4964,
00e12e8b_4965,
00e12e8b_4966,
00e12e8b_4967,
00e12e8b_4968,
00e12e8b_4969,
00e12e8b_4970,
00e12e8b_4971,
00e12e8b_4972,
00e12e8b_4973,
00e12e8b_4974,
00e12e8b_4975,
00e12e8b_4976,
00e12e8b_4977,
00e12e8b_4978,
00e12e8b_4979,
00e12e8b_4980,
00e12e8b_4981,
00e12e8b_4982,
00e12e8b_4983,
00e12e8b_4984,
00e12e8b_4985,
00e12e8b_4986,
00e12e8b_4987,
00e12e8b_4988,
00e12e8b_4989,
00e12e8b_4990,
00e12e8b_4991,
00e12e8b_4992,
00e12e8b_4993,
00e12e8b_4994,
00e12e8b_4995,
00e12e8b_4996,
00e12e8b_4997,
00e12e8b_4998,
00e12e8b_4999,
00e12e8b_5000,
00e12e8b_5001,
00e12e8b_5002,
00e12e8b_5003,
00e12e8b_5004,
00e12e8b_5005,
00e12e8b_5006,
00e12e8b_5007,
00e12e8b_5008,
00e12e8b_5009,
00e12e8b_5010,
00e12e8b_5011,
00e12e8b_5012,
00e12e8b_5013,
00e12e8b_5014,
00e12e8b_5015,
00e12e8b_5016,
00e12e8b_5017,
00e12e8b_5018,
00e12e8b_5019,
00e12e8b_5020,
00e12e8b_5021,
00e12e8b_5022,
00e12e8b_5023,
00e12e8b_5024,
00e12e8b_5025,
00e12e8b_5026,
00e12e8b_5027,
00e12e8b_5028,
00e12e8b_5029,
00e12e8b_5030,
00e12e8b_5031,
00e12e8b_5032,
00e12e8b_5033,
00e12e8b_5034,
00e12e8b_5035,
00e12e8b_5036,
00e12e8b_5037,
00e12e8b_5038,
00e12e8b_5039,
00e12e8b_5040,
00e12e8b_5041,
00e12e8b_5042,
00e12e8b_5043,
00e12e8b_5044,
00e12e8b_5045,
00e12e8b_5046,
00e12e8b_5047,
00e12e8b_5048,
00e12e8b_5049,
00e12e8b_5050,
00e12e8b_5051,
00e12e8b_5052,
00e12e8b_5053,
00e12e8b_5054,
00e12e8b_5055,
00e12e8b_5056,
00e12e8b_5057,
00e12e8b_5058,
00e12e8b_5059,
00e12e8b_5060,
00e12e8b_5061,
00e12e8b_5062,
00e12e8b_5063,
00e12e8b_5064,
00e12e8b_5065,
00e12e8b_5066,
00e12e8b_5067,
00e12e8b_5068,
00e12e8b_5069,
00e12e8b_5070,
00e12e8b_5071,
00e12e8b_5072,
00e12e8b_5073,
00e12e8b_5074,
00e12e8b_5075,
00e12e8b_5076,
00e12e8b_5077,
00e12e8b_5078,
00e12e8b_5079,
00e12e8b_5080,
00e12e8b_5081,
00e12e8b_5082,
00e12e8b_5083,
00e12e8b_5084,
00e12e8b_5085,
00e12e8b_5086,
00e12e8b_5087,
00e12e8b_5088,
00e12e8b_5089,
00e12e8b_5090,
00e12e8b_5091,
00e12e8b_5092,
00e12e8b_5093,
00e12e8b_5094,
00e12e8b_5095,
00e12e8b_5096,
00e12e8b_5097,
00e12e8b_5098,
00e12e8b_5099,
00e12e8b_5100,
00e12e8b_5101,
00e12e8b_5102,
00e12e8b_5103,
00e12e8b_5104,
00e12e8b_5105,
00e12e8b_5106,
00e12e8b_5107,
00e12e8b_5108,
00e12e8b_5109,
00e12e8b_5110,
00e12e8b_5111,
00e12e8b_5112,
00e12e8b_5113,
00e12e8b_5114,
00e12e8b_5115,
00e12e8b_5116,
00e12e8b_5117,
00e12e8b_5118,
00e12e8b_5119,
00e12e8b_5120,
00e12e8b_5121,
00e12e8b_5122,
00e12e8b_5123,
00e12e8b_5124,
00e12e8b_5125,
00e12e8b_5126,
00e12e8b_5127,
00e12e8b_5128,
00e12e8b_5129,
00e12e8b_5130,
00e12e8b_5131,
00e12e8b_5132,
00e12e8b_5133,
00e12e8b_5134,
00e12e8b_5135,
00e12e8b_5136,
00e12e8b_5137,
00e12e8b_5138,
00e12e8b_5139,
00e12e8b_5140,
00e12e8b_5141,
00e12e8b_5142,
00e12e8b_5143,
00e12e8b_5144,
00e12e8b_5145,
00e12e8b_5146,
00e12e8b_5147,
00e12e8b_5148,
00e12e8b_5149,
00e12e8b_5150,
00e12e8b_5151,
00e12e8b_5152,
00e12e8b_5153,
00e12e8b_5154,
00e12e8b_5155,
00e12e8b_5156,
00e12e8b_5157,
00e12e8b_5158,
00e12e8b_5159,
00e12e8b_5160,
00e12e8b_5161,
00e12e8b_5162,
00e12e8b_5163,
00e12e8b_5164,
00e12e8b_5165,
00e12e8b_5166,
00e12e8b_5167,
00e12e8b_5168,
00e12e8b_5169,
00e12e8b_5170,
00e12e8b_5171,
00e12e8b_5172,
00e12e8b_5173,
00e12e8b_5174,
00e12e8b_5175,
00e12e8b_5176,
00e12e8b_5177,
00e12e8b_5178,
00e12e8b_5179,
00e12e8b_5180,
00e12e8b_5181,
00e12e8b_5182,
00e12e8b_5183,
00e12e8b_5184,
00e12e8b_5185,
00e12e8b_5186,
00e12e8b_5187,
00e12e8b_5188,
00e12e8b_5189,
00e12e8b_5190,
00e12e8b_5191,
00e12e8b_5192,
00e12e8b_5193,
00e12e8b_5194,
00e12e8b_5195,
00e12e8b_5196,
00e12e8b_5197,
00e12e8b_5198,
00e12e8b_5199,
00e12e8b_5200,
00e12e8b_5201,
00e12e8b_5202,
00e12e8b_5203,
00e12e8b_5204,
00e12e8b_5205,
00e12e8b_5206,
00e12e8b_5207,
00e12e8b_5208,
00e12e8b_5209,
00e12e8b_5210,
00e12e8b_5211,
00e12e8b_5212,
00e12e8b_5213,
00e12e8b_5214,
00e12e8b_5215,
00e12e8b_5216,
00e12e8b_5217,
00e12e8b_5218,
00e12e8b_5219,
00e12e8b_5220,
00e12e8b_5221,
00e12e8b_5222,
00e12e8b_5223,
00e12e8b_5224,
00e12e8b_5225,
00e12e8b_5226,
00e12e8b_5227,
00e12e8b_5228,
00e12e8b_5229,
00e12e8b_5230,
00e12e8b_5231,
00e12e8b_5232,
00e12e8b_5233,
00e12e8b_5234,
00e12e8b_5235,
00e12e8b_5236,
00e12e8b_5237,
00e12e8b_5238,
00e12e8b_5239,
00e12e8b_5240,
00e12e8b_5241,
00e12e8b_5242,
00e12e8b_5243,
00e12e8b_5244,
00e12e8b_5245,
00e12e8b_5246,
00e12e8b_5247,
00e12e8b_5248,
00e12e8b_5249,
00e12e8b_5250,
00e12e8b_5251,
00e12e8b_5252,
00e12e8b_5253,
00e12e8b_5254,
00e12e8b_5255,
00e12e8b_5256,
00e12e8b_5257,
00e12e8b_5258,
00e12e8b_5259,
00e12e8b_5260,
00e12e8b_5261,
00e12e8b_5262,
00e12e8b_5263,
00e12e8b_5264,
00e12e8b_5265,
00e12e8b_5266,
00e12e8b_5267,
00e12e8b_5268,
00e12e8b_5269,
00e12e8b_5270,
00e12e8b_5271,
00e12e8b_5272,
00e12e8b_5273,
00e12e8b_5274,
00e12e8b_5275,
00e12e8b_5276,
00e12e8b_5277,
00e12e8b_5278,
00e12e8b_5279,
00e12e8b_5280,
00e12e8b_5281,
00e12e8b_5282,
00e12e8b_5283,
00e12e8b_5284,
00e12e8b_5285,
00e12e8b_5286,
00e12e8b_5287,
00e12e8b_5288,
00e12e8b_5289,
00e12e8b_5290,
00e12e8b_5291,
00e12e8b_5292,
00e12e8b_5293,
00e12e8b_5294,
00e12e8b_5295,
00e12e8b_5296,
00e12e8b_5297,
00e12e8b_5298,
00e12e8b_5299,
00e12e8b_5300,
00e12e8b_5301,
00e12e8b_5302,
00e12e8b_5303,
00e12e8b_5304,
00e12e8b_5305,
00e12e8b_5306,
00e12e8b_5307,
00e12e8b_5308,
00e12e8b_5309,
00e12e8b_5310,
00e12e8b_5311,
00e12e8b_5312,
00e12e8b_5313,
00e12e8b_5314,
00e12e8b_5315,
00e12e8b_5316,
00e12e8b_5317,
00e12e8b_5318,
00e12e8b_5319,
00e12e8b_5320,
00e12e8b_5321,
00e12e8b_5322,
00e12e8b_5323,
00e12e8b_5324,
00e12e8b_5325,
00e12e8b_5326,
00e12e8b_5327,
00e12e8b_5328,
00e12e8b_5329,
00e12e8b_5330,
00e12e8b_5331,
00e12e8b_5332,
00e12e8b_5333,
00e12e8b_5334,
00e12e8b_5335,
00e12e8b_5336,
00e12e8b_5337,
00e12e8b_5338,
00e12e8b_5339,
00e12e8b_5340,
00e12e8b_5341,
00e12e8b_5342,
00e12e8b_5343,
00e12e8b_5344,
00e12e8b_5345,
00e12e8b_5346,
00e12e8b_5347,
00e12e8b_5348,
00e12e8b_5349,
00e12e8b_5350,
00e12e8b_5351,
00e12e8b_5352,
00e12e8b_5353,
00e12e8b_5354,
00e12e8b_5355,
00e12e8b_5356,
00e12e8b_5357,
00e12e8b_5358,
00e12e8b_5359,
00e12e8b_5360,
00e12e8b_5361,
00e12e8b_5362,
00e12e8b_5363,
00e12e8b_5364,
00e12e8b_5365,
00e12e8b_5366,
00e12e8b_5367,
00e12e8b_5368,
00e12e8b_5369,
00e12e8b_5370,
00e12e8b_5371,
00e12e8b_5372,
00e12e8b_5373,
00e12e8b_5374,
00e12e8b_5375,
00e12e8b_5376,
00e12e8b_5377,
00e12e8b_5378,
00e12e8b_5379,
00e12e8b_5380,
00e12e8b_5381,
00e12e8b_5382,
00e12e8b_5383,
00e12e8b_5384,
00e12e8b_5385,
00e12e8b_5386,
00e12e8b_5387,
00e12e8b_5388,
00e12e8b_5389,
00e12e8b_5390,
00e12e8b_5391,
00e12e8b_5392,
00e12e8b_5393,
00e12e8b_5394,
00e12e8b_5395,
00e12e8b_5396,
00e12e8b_5397,
00e12e8b_5398,
00e12e8b_5399,
00e12e8b_5400,
00e12e8b_5401,
00e12e8b_5402,
00e12e8b_5403,
00e12e8b_5404,
00e12e8b_5405,
00e12e8b_5406,
00e12e8b_5407,
00e12e8b_5408,
00e12e8b_5409,
00e12e8b_5410,
00e12e8b_5411,
00e12e8b_5412,
00e12e8b_5413,
00e12e8b_5414,
00e12e8b_5415,
00e12e8b_5416,
00e12e8b_5417,
00e12e8b_5418,
00e12e8b_5419,
00e12e8b_5420,
00e12e8b_5421,
00e12e8b_5422,
00e12e8b_5423,
00e12e8b_5424,
00e12e8b_5425,
00e12e8b_5426,
00e12e8b_5427,
00e12e8b_5428,
00e12e8b_5429,
00e12e8b_5430,
00e12e8b_5431,
00e12e8b_5432,
00e12e8b_5433,
00e12e8b_5434,
00e12e8b_5435,
00e12e8b_5436,
00e12e8b_5437,
00e12e8b_5438,
00e12e8b_5439,
00e12e8b_5440,
00e12e8b_5441,
00e12e8b_5442,
00e12e8b_5443,
00e12e8b_5444,
00e12e8b_5445,
00e12e8b_5446,
00e12e8b_5447,
00e12e8b_5448,
00e12e8b_5449,
00e12e8b_5450,
00e12e8b_5451,
00e12e8b_5452,
00e12e8b_5453,
00e12e8b_5454,
00e12e8b_5455,
00e12e8b_5456,
00e12e8b_5457,
00e12e8b_5458,
00e12e8b_5459,
00e12e8b_5460,
00e12e8b_5461,
00e12e8b_5462,
00e12e8b_5463,
00e12e8b_5464,
00e12e8b_5465,
00e12e8b_5466,
00e12e8b_5467,
00e12e8b_5468,
00e12e8b_5469,
00e12e8b_5470,
00e12e8b_5471,
00e12e8b_5472,
00e12e8b_5473,
00e12e8b_5474,
00e12e8b_5475,
00e12e8b_5476,
00e12e8b_5477,
00e12e8b_5478,
00e12e8b_5479,
00e12e8b_5480,
00e12e8b_5481,
00e12e8b_5482,
00e12e8b_5483,
00e12e8b_5484,
00e12e8b_5485,
00e12e8b_5486,
00e12e8b_5487,
00e12e8b_5488,
00e12e8b_5489,
00e12e8b_5490,
00e12e8b_5491,
00e12e8b_5492,
00e12e8b_5493,
00e12e8b_5494,
00e12e8b_5495,
00e12e8b_5496,
00e12e8b_5497,
00e12e8b_5498,
00e12e8b_5499,
00e12e8b_5500,
00e12e8b_5501,
00e12e8b_5502,
00e12e8b_5503,
00e12e8b_5504,
00e12e8b_5505,
00e12e8b_5506,
00e12e8b_5507,
00e12e8b_5508,
00e12e8b_5509,
00e12e8b_5510,
00e12e8b_5511,
00e12e8b_5512,
00e12e8b_5513,
00e12e8b_5514,
00e12e8b_5515,
00e12e8b_5516,
00e12e8b_5517,
00e12e8b_5518,
00e12e8b_5519,
00e12e8b_5520,
00e12e8b_5521,
00e12e8b_5522,
00e12e8b_5523,
00e12e8b_5524,
00e12e8b_5525,
00e12e8b_5526,
00e12e8b_5527,
00e12e8b_5528,
00e12e8b_5529,
00e12e8b_5530,
00e12e8b_5531,
00e12e8b_5532,
00e12e8b_5533,
00e12e8b_5534,
00e12e8b_5535,
00e12e8b_5536,
00e12e8b_5537,
00e12e8b_5538,
00e12e8b_5539,
00e12e8b_5540,
00e12e8b_5541,
00e12e8b_5542,
00e12e8b_5543,
00e12e8b_5544,
00e12e8b_5545,
00e12e8b_5546,
00e12e8b_5547,
00e12e8b_5548,
00e12e8b_5549,
00e12e8b_5550,
00e12e8b_5551,
00e12e8b_5552,
00e12e8b_5553,
00e12e8b_5554,
00e12e8b_5555,
00e12e8b_5556,
00e12e8b_5557,
00e12e8b_5558,
00e12e8b_5559,
00e12e8b_5560,
00e12e8b_5561,
00e12e8b_5562,
00e12e8b_5563,
00e12e8b_5564,
00e12e8b_5565,
00e12e8b_5566,
00e12e8b_5567,
00e12e8b_5568,
00e12e8b_5569,
00e12e8b_5570,
00e12e8b_5571,
00e12e8b_5572,
00e12e8b_5573,
00e12e8b_5574,
00e12e8b_5575,
00e12e8b_5576,
00e12e8b_5577,
00e12e8b_5578,
00e12e8b_5579,
00e12e8b_5580,
00e12e8b_5581,
00e12e8b_5582,
00e12e8b_5583,
00e12e8b_5584,
00e12e8b_5585,
00e12e8b_5586,
00e12e8b_5587,
00e12e8b_5588,
00e12e8b_5589,
00e12e8b_5590,
00e12e8b_5591,
00e12e8b_5592,
00e12e8b_5593,
00e12e8b_5594,
00e12e8b_5595,
00e12e8b_5596,
00e12e8b_5597,
00e12e8b_5598,
00e12e8b_5599,
00e12e8b_5600,
00e12e8b_5601,
00e12e8b_5602,
00e12e8b_5603,
00e12e8b_5604,
00e12e8b_5605,
00e12e8b_5606,
00e12e8b_5607,
00e12e8b_5608,
00e12e8b_5609,
00e12e8b_5610,
00e12e8b_5611,
00e12e8b_5612,
00e12e8b_5613,
00e12e8b_5614,
00e12e8b_5615,
00e12e8b_5616,
00e12e8b_5617,
00e12e8b_5618,
00e12e8b_5619,
00e12e8b_5620,
00e12e8b_5621,
00e12e8b_5622,
00e12e8b_5623,
00e12e8b_5624,
00e12e8b_5625,
00e12e8b_5626,
00e12e8b_5627,
00e12e8b_5628,
00e12e8b_5629,
00e12e8b_5630,
00e12e8b_5631,
00e12e8b_5632,
00e12e8b_5633,
00e12e8b_5634,
00e12e8b_5635,
00e12e8b_5636,
00e12e8b_5637,
00e12e8b_5638,
00e12e8b_5639,
00e12e8b_5640,
00e12e8b_5641,
00e12e8b_5642,
00e12e8b_5643,
00e12e8b_5644,
00e12e8b_5645,
00e12e8b_5646,
00e12e8b_5647,
00e12e8b_5648,
00e12e8b_5649,
00e12e8b_5650,
00e12e8b_5651,
00e12e8b_5652,
00e12e8b_5653,
00e12e8b_5654,
00e12e8b_5655,
00e12e8b_5656,
00e12e8b_5657,
00e12e8b_5658,
00e12e8b_5659,
00e12e8b_5660,
00e12e8b_5661,
00e12e8b_5662,
00e12e8b_5663,
00e12e8b_5664,
00e12e8b_5665,
00e12e8b_5666,
00e12e8b_5667,
00e12e8b_5668,
00e12e8b_5669,
00e12e8b_5670,
00e12e8b_5671,
00e12e8b_5672,
00e12e8b_5673,
00e12e8b_5674,
00e12e8b_5675,
00e12e8b_5676,
00e12e8b_5677,
00e12e8b_5678,
00e12e8b_5679,
00e12e8b_5680,
00e12e8b_5681,
00e12e8b_5682,
00e12e8b_5683,
00e12e8b_5684,
00e12e8b_5685,
00e12e8b_5686,
00e12e8b_5687,
00e12e8b_5688,
00e12e8b_5689,
00e12e8b_5690,
00e12e8b_5691,
00e12e8b_5692,
00e12e8b_5693,
00e12e8b_5694,
00e12e8b_5695,
00e12e8b_5696,
00e12e8b_5697,
00e12e8b_5698,
00e12e8b_5699,
00e12e8b_5700,
00e12e8b_5701,
00e12e8b_5702,
00e12e8b_5703,
00e12e8b_5704,
00e12e8b_5705,
00e12e8b_5706,
00e12e8b_5707,
00e12e8b_5708,
00e12e8b_5709,
00e12e8b_5710,
00e12e8b_5711,
00e12e8b_5712,
00e12e8b_5713,
00e12e8b_5714,
00e12e8b_5715,
00e12e8b_5716,
00e12e8b_5717,
00e12e8b_5718,
00e12e8b_5719,
00e12e8b_5720,
00e12e8b_5721,
00e12e8b_5722,
00e12e8b_5723,
00e12e8b_5724,
00e12e8b_5725,
00e12e8b_5726,
00e12e8b_5727,
00e12e8b_5728,
00e12e8b_5729,
00e12e8b_5730,
00e12e8b_5731,
00e12e8b_5732,
00e12e8b_5733,
00e12e8b_5734,
00e12e8b_5735,
00e12e8b_5736,
00e12e8b_5737,
00e12e8b_5738,
00e12e8b_5739,
00e12e8b_5740,
00e12e8b_5741,
00e12e8b_5742,
00e12e8b_5743,
00e12e8b_5744,
00e12e8b_5745,
00e12e8b_5746,
00e12e8b_5747,
00e12e8b_5748,
00e12e8b_5749,
00e12e8b_5750,
00e12e8b_5751,
00e12e8b_5752,
00e12e8b_5753,
00e12e8b_5754,
00e12e8b_5755,
00e12e8b_5756,
00e12e8b_5757,
00e12e8b_5758,
00e12e8b_5759,
00e12e8b_5760,
00e12e8b_5761,
00e12e8b_5762,
00e12e8b_5763,
00e12e8b_5764,
00e12e8b_5765,
00e12e8b_5766,
00e12e8b_5767,
00e12e8b_5768,
00e12e8b_5769,
00e12e8b_5770,
00e12e8b_5771,
00e12e8b_5772,
00e12e8b_5773,
00e12e8b_5774,
00e12e8b_5775,
00e12e8b_5776,
00e12e8b_5777,
00e12e8b_5778,
00e12e8b_5779,
00e12e8b_5780,
00e12e8b_5781,
00e12e8b_5782,
00e12e8b_5783,
00e12e8b_5784,
00e12e8b_5785,
00e12e8b_5786,
00e12e8b_5787,
00e12e8b_5788,
00e12e8b_5789,
00e12e8b_5790,
00e12e8b_5791,
00e12e8b_5792,
00e12e8b_5793,
00e12e8b_5794,
00e12e8b_5795,
00e12e8b_5796,
00e12e8b_5797,
00e12e8b_5798,
00e12e8b_5799,
00e12e8b_5800,
00e12e8b_5801,
00e12e8b_5802,
00e12e8b_5803,
00e12e8b_5804,
00e12e8b_5805,
00e12e8b_5806,
00e12e8b_5807,
00e12e8b_5808,
00e12e8b_5809,
00e12e8b_5810,
00e12e8b_5811,
00e12e8b_5812,
00e12e8b_5813,
00e12e8b_5814,
00e12e8b_5815,
00e12e8b_5816,
00e12e8b_5817,
00e12e8b_5818,
00e12e8b_5819,
00e12e8b_5820,
00e12e8b_5821,
00e12e8b_5822,
00e12e8b_5823,
00e12e8b_5824,
00e12e8b_5825,
00e12e8b_5826,
00e12e8b_5827,
00e12e8b_5828,
00e12e8b_5829,
00e12e8b_5830,
00e12e8b_5831,
00e12e8b_5832,
00e12e8b_5833,
00e12e8b_5834,
00e12e8b_5835,
00e12e8b_5836,
00e12e8b_5837,
00e12e8b_5838,
00e12e8b_5839,
00e12e8b_5840,
00e12e8b_5841,
00e12e8b_5842,
00e12e8b_5843,
00e12e8b_5844,
00e12e8b_5845,
00e12e8b_5846,
00e12e8b_5847,
00e12e8b_5848,
00e12e8b_5849,
00e12e8b_5850,
00e12e8b_5851,
00e12e8b_5852,
00e12e8b_5853,
00e12e8b_5854,
00e12e8b_5855,
00e12e8b_5856,
00e12e8b_5857,
00e12e8b_5858,
00e12e8b_5859,
00e12e8b_5860,
00e12e8b_5861,
00e12e8b_5862,
00e12e8b_5863,
00e12e8b_5864,
00e12e8b_5865,
00e12e8b_5866,
00e12e8b_5867,
00e12e8b_5868,
00e12e8b_5869,
00e12e8b_5870,
00e12e8b_5871,
00e12e8b_5872,
00e12e8b_5873,
00e12e8b_5874,
00e12e8b_5875,
00e12e8b_5876,
00e12e8b_5877,
00e12e8b_5878,
00e12e8b_5879,
00e12e8b_5880,
00e12e8b_5881,
00e12e8b_5882,
00e12e8b_5883,
00e12e8b_5884,
00e12e8b_5885,
00e12e8b_5886,
00e12e8b_5887,
00e12e8b_5888,
00e12e8b_5889,
00e12e8b_5890,
00e12e8b_5891,
00e12e8b_5892,
00e12e8b_5893,
00e12e8b_5894,
00e12e8b_5895,
00e12e8b_5896,
00e12e8b_5897,
00e12e8b_5898,
00e12e8b_5899,
00e12e8b_5900,
00e12e8b_5901,
00e12e8b_5902,
00e12e8b_5903,
00e12e8b_5904,
00e12e8b_5905,
00e12e8b_5906,
00e12e8b_5907,
00e12e8b_5908,
00e12e8b_5909,
00e12e8b_5910,
00e12e8b_5911,
00e12e8b_5912,
00e12e8b_5913,
00e12e8b_5914,
00e12e8b_5915,
00e12e8b_5916,
00e12e8b_5917,
00e12e8b_5918,
00e12e8b_5919,
00e12e8b_5920,
00e12e8b_5921,
00e12e8b_5922,
00e12e8b_5923,
00e12e8b_5924,
00e12e8b_5925,
00e12e8b_5926,
00e12e8b_5927,
00e12e8b_5928,
00e12e8b_5929,
00e12e8b_5930,
00e12e8b_5931,
00e12e8b_5932,
00e12e8b_5933,
00e12e8b_5934,
00e12e8b_5935,
00e12e8b_5936,
00e12e8b_5937,
00e12e8b_5938,
00e12e8b_5939,
00e12e8b_5940,
00e12e8b_5941,
00e12e8b_5942,
00e12e8b_5943,
00e12e8b_5944,
00e12e8b_5945,
00e12e8b_5946,
00e12e8b_5947,
00e12e8b_5948,
00e12e8b_5949,
00e12e8b_5950,
00e12e8b_5951,
00e12e8b_5952,
00e12e8b_5953,
00e12e8b_5954,
00e12e8b_5955,
00e12e8b_5956,
00e12e8b_5957,
00e12e8b_5958,
00e12e8b_5959,
00e12e8b_5960,
00e12e8b_5961,
00e12e8b_5962,
00e12e8b_5963,
00e12e8b_5964,
00e12e8b_5965,
00e12e8b_5966,
00e12e8b_5967,
00e12e8b_5968,
00e12e8b_5969,
00e12e8b_5970,
00e12e8b_5971,
00e12e8b_5972,
00e12e8b_5973,
00e12e8b_5974,
00e12e8b_5975,
00e12e8b_5976,
00e12e8b_5977,
00e12e8b_5978,
00e12e8b_5979,
00e12e8b_5980,
00e12e8b_5981,
00e12e8b_5982,
00e12e8b_5983,
00e12e8b_5984,
00e12e8b_5985,
00e12e8b_5986,
00e12e8b_5987,
00e12e8b_5988,
00e12e8b_5989,
00e12e8b_5990,
00e12e8b_5991,
00e12e8b_5992,
00e12e8b_5993,
00e12e8b_5994,
00e12e8b_5995,
00e12e8b_5996,
00e12e8b_5997,
00e12e8b_5998,
00e12e8b_5999,
00e12e8b_6000,
00e12e8b_6001,
00e12e8b_6002,
00e12e8b_6003,
00e12e8b_6004,
00e12e8b_6005,
00e12e8b_6006,
00e12e8b_6007,
00e12e8b_6008,
00e12e8b_6009,
00e12e8b_6010,
00e12e8b_6011,
00e12e8b_6012,
00e12e8b_6013,
00e12e8b_6014,
00e12e8b_6015,
00e12e8b_6016,
00e12e8b_6017,
00e12e8b_6018,
00e12e8b_6019,
00e12e8b_6020,
00e12e8b_6021,
00e12e8b_6022,
00e12e8b_6023,
00e12e8b_6024,
00e12e8b_6025,
00e12e8b_6026,
00e12e8b_6027,
00e12e8b_6028,
00e12e8b_6029,
00e12e8b_6030,
00e12e8b_6031,
00e12e8b_6032,
00e12e8b_6033,
00e12e8b_6034,
00e12e8b_6035,
00e12e8b_6036,
00e12e8b_6037,
00e12e8b_6038,
00e12e8b_6039,
00e12e8b_6040,
00e12e8b_6041,
00e12e8b_6042,
00e12e8b_6043,
00e12e8b_6044,
00e12e8b_6045,
00e12e8b_6046,
00e12e8b_6047,
00e12e8b_6048,
00e12e8b_6049,
00e12e8b_6050,
00e12e8b_6051,
00e12e8b_6052,
00e12e8b_6053,
00e12e8b_6054,
00e12e8b_6055,
00e12e8b_6056,
00e12e8b_6057,
00e12e8b_6058,
00e12e8b_6059,
00e12e8b_6060,
00e12e8b_6061,
00e12e8b_6062,
00e12e8b_6063,
00e12e8b_6064,
00e12e8b_6065,
00e12e8b_6066,
00e12e8b_6067,
00e12e8b_6068,
00e12e8b_6069,
00e12e8b_6070,
00e12e8b_6071,
00e12e8b_6072,
00e12e8b_6073,
00e12e8b_6074,
00e12e8b_6075,
00e12e8b_6076,
00e12e8b_6077,
00e12e8b_6078,
00e12e8b_6079,
00e12e8b_6080,
00e12e8b_6081,
00e12e8b_6082,
00e12e8b_6083,
00e12e8b_6084,
00e12e8b_6085,
00e12e8b_6086,
00e12e8b_6087,
00e12e8b_6088,
00e12e8b_6089,
00e12e8b_6090,
00e12e8b_6091,
00e12e8b_6092,
00e12e8b_6093,
00e12e8b_6094,
00e12e8b_6095,
00e12e8b_6096,
00e12e8b_6097,
00e12e8b_6098,
00e12e8b_6099,
00e12e8b_6100,
00e12e8b_6101,
00e12e8b_6102,
00e12e8b_6103,
00e12e8b_6104,
00e12e8b_6105,
00e12e8b_6106,
00e12e8b_6107,
00e12e8b_6108,
00e12e8b_6109,
00e12e8b_6110,
00e12e8b_6111,
00e12e8b_6112,
00e12e8b_6113,
00e12e8b_6114,
00e12e8b_6115,
00e12e8b_6116,
00e12e8b_6117,
00e12e8b_6118,
00e12e8b_6119,
00e12e8b_6120,
00e12e8b_6121,
00e12e8b_6122,
00e12e8b_6123,
00e12e8b_6124,
00e12e8b_6125,
00e12e8b_6126,
00e12e8b_6127,
00e12e8b_6128,
00e12e8b_6129,
00e12e8b_6130,
00e12e8b_6131,
00e12e8b_6132,
00e12e8b_6133,
00e12e8b_6134,
00e12e8b_6135,
00e12e8b_6136,
00e12e8b_6137,
00e12e8b_6138,
00e12e8b_6139,
00e12e8b_6140,
00e12e8b_6141,
00e12e8b_6142,
00e12e8b_6143,
00e12e8b_6144,
00e12e8b_6145,
00e12e8b_6146,
00e12e8b_6147,
00e12e8b_6148,
00e12e8b_6149,
00e12e8b_6150,
00e12e8b_6151,
00e12e8b_6152,
00e12e8b_6153,
00e12e8b_6154,
00e12e8b_6155,
00e12e8b_6156,
00e12e8b_6157,
00e12e8b_6158,
00e12e8b_6159,
00e12e8b_6160,
00e12e8b_6161,
00e12e8b_6162,
00e12e8b_6163,
00e12e8b_6164,
00e12e8b_6165,
00e12e8b_6166,
00e12e8b_6167,
00e12e8b_6168,
00e12e8b_6169,
00e12e8b_6170,
00e12e8b_6171,
00e12e8b_6172,
00e12e8b_6173,
00e12e8b_6174,
00e12e8b_6175,
00e12e8b_6176,
00e12e8b_6177,
00e12e8b_6178,
00e12e8b_6179,
00e12e8b_6180,
00e12e8b_6181,
00e12e8b_6182,
00e12e8b_6183,
00e12e8b_6184,
00e12e8b_6185,
00e12e8b_6186,
00e12e8b_6187,
00e12e8b_6188,
00e12e8b_6189,
00e12e8b_6190,
00e12e8b_6191,
00e12e8b_6192,
00e12e8b_6193,
00e12e8b_6194,
00e12e8b_6195,
00e12e8b_6196,
00e12e8b_6197,
00e12e8b_6198,
00e12e8b_6199,
00e12e8b_6200,
00e12e8b_6201,
00e12e8b_6202,
00e12e8b_6203,
00e12e8b_6204,
00e12e8b_6205,
00e12e8b_6206,
00e12e8b_6207,
00e12e8b_6208,
00e12e8b_6209,
00e12e8b_6210,
00e12e8b_6211,
00e12e8b_6212,
00e12e8b_6213,
00e12e8b_6214,
00e12e8b_6215,
00e12e8b_6216,
00e12e8b_6217,
00e12e8b_6218,
00e12e8b_6219,
00e12e8b_6220,
00e12e8b_6221,
00e12e8b_6222,
00e12e8b_6223,
00e12e8b_6224,
00e12e8b_6225,
00e12e8b_6226,
00e12e8b_6227,
00e12e8b_6228,
00e12e8b_6229,
00e12e8b_6230,
00e12e8b_6231,
00e12e8b_6232,
00e12e8b_6233,
00e12e8b_6234,
00e12e8b_6235,
00e12e8b_6236,
00e12e8b_6237,
00e12e8b_6238,
00e12e8b_6239,
00e12e8b_6240,
00e12e8b_6241,
00e12e8b_6242,
00e12e8b_6243,
00e12e8b_6244,
00e12e8b_6245,
00e12e8b_6246,
00e12e8b_6247,
00e12e8b_6248,
00e12e8b_6249,
00e12e8b_6250,
00e12e8b_6251,
00e12e8b_6252,
00e12e8b_6253,
00e12e8b_6254,
00e12e8b_6255,
00e12e8b_6256,
00e12e8b_6257,
00e12e8b_6258,
00e12e8b_6259,
00e12e8b_6260,
00e12e8b_6261,
00e12e8b_6262,
00e12e8b_6263,
00e12e8b_6264,
00e12e8b_6265,
00e12e8b_6266,
00e12e8b_6267,
00e12e8b_6268,
00e12e8b_6269,
00e12e8b_6270,
00e12e8b_6271,
00e12e8b_6272,
00e12e8b_6273,
00e12e8b_6274,
00e12e8b_6275,
00e12e8b_6276,
00e12e8b_6277,
00e12e8b_6278,
00e12e8b_6279,
00e12e8b_6280,
00e12e8b_6281,
00e12e8b_6282,
00e12e8b_6283,
00e12e8b_6284,
00e12e8b_6285,
00e12e8b_6286,
00e12e8b_6287,
00e12e8b_6288,
00e12e8b_6289,
00e12e8b_6290,
00e12e8b_6291,
00e12e8b_6292,
00e12e8b_6293,
00e12e8b_6294,
00e12e8b_6295,
00e12e8b_6296,
00e12e8b_6297,
00e12e8b_6298,
00e12e8b_6299,
00e12e8b_6300,
00e12e8b_6301,
00e12e8b_6302,
00e12e8b_6303,
00e12e8b_6304,
00e12e8b_6305,
00e12e8b_6306,
00e12e8b_6307,
00e12e8b_6308,
00e12e8b_6309,
00e12e8b_6310,
00e12e8b_6311,
00e12e8b_6312,
00e12e8b_6313,
00e12e8b_6314,
00e12e8b_6315,
00e12e8b_6316,
00e12e8b_6317,
00e12e8b_6318,
00e12e8b_6319,
00e12e8b_6320,
00e12e8b_6321,
00e12e8b_6322,
00e12e8b_6323,
00e12e8b_6324,
00e12e8b_6325,
00e12e8b_6326,
00e12e8b_6327,
00e12e8b_6328,
00e12e8b_6329,
00e12e8b_6330,
00e12e8b_6331,
00e12e8b_6332,
00e12e8b_6333,
00e12e8b_6334,
00e12e8b_6335,
00e12e8b_6336,
00e12e8b_6337,
00e12e8b_6338,
00e12e8b_6339,
00e12e8b_6340,
00e12e8b_6341,
00e12e8b_6342,
00e12e8b_6343,
00e12e8b_6344,
00e12e8b_6345,
00e12e8b_6346,
00e12e8b_6347,
00e12e8b_6348,
00e12e8b_6349,
00e12e8b_6350,
00e12e8b_6351,
00e12e8b_6352,
00e12e8b_6353,
00e12e8b_6354,
00e12e8b_6355,
00e12e8b_6356,
00e12e8b_6357,
00e12e8b_6358,
00e12e8b_6359,
00e12e8b_6360,
00e12e8b_6361,
00e12e8b_6362,
00e12e8b_6363,
00e12e8b_6364,
00e12e8b_6365,
00e12e8b_6366,
00e12e8b_6367,
00e12e8b_6368,
00e12e8b_6369,
00e12e8b_6370,
00e12e8b_6371,
00e12e8b_6372,
00e12e8b_6373,
00e12e8b_6374,
00e12e8b_6375,
00e12e8b_6376,
00e12e8b_6377,
00e12e8b_6378,
00e12e8b_6379,
00e12e8b_6380,
00e12e8b_6381,
00e12e8b_6382,
00e12e8b_6383,
